depth,summands,total_abs_mass,total_monomials,total_weighted_abs_degree_mass,type,family,rank,prime
8,42,42,42,0,A7,A,7,2
2,1,1,1,0,B2,B,2,2
2,11,11,11,0,B3,B,3,2
4,2,2,2,0,B3,B,3,2
2,120,120,120,0,B4,B,4,2
4,63,63,63,0,B4,B,4,2
5,5,10,10,10,B4,B,4,2
6,17,17,17,0,B4,B,4,2
8,3,3,3,0,B4,B,4,2
2,1462,1462,1462,0,B5,B,5,2
4,1294,1294,1294,0,B5,B,5,2
5,115,230,230,230,B5,B,5,2
6,838,853,838,0,B5,B,5,2
7,86,172,172,172,B5,B,5,2
8,352,362,354,4,B5,B,5,2
9,48,96,96,96,B5,B,5,2
10,95,114,105,20,B5,B,5,2
11,7,14,14,14,B5,B,5,2
12,19,25,21,4,B5,B,5,2
14,3,3,3,0,B5,B,5,2
2,20188,20188,20188,0,B6,B,6,2
4,24644,24644,24644,0,B6,B,6,2
5,2180,4360,4360,4360,B6,B,6,2
6,25542,26065,25542,0,B6,B,6,2
7,3282,6564,6564,6564,B6,B,6,2
8,18758,19869,18880,244,B6,B,6,2
9,3470,7012,6940,7012,B6,B,6,2
10,10405,12903,11033,1256,B6,B,6,2
11,2193,4790,4424,4866,B6,B,6,2
12,4829,7289,5561,1464,B6,B,6,2
13,1049,2536,2144,2628,B6,B,6,2
14,1643,2898,2053,852,B6,B,6,2
15,313,862,656,922,B6,B,6,2
16,460,872,586,276,B6,B,6,2
17,60,204,130,224,B6,B,6,2
18,97,181,127,60,B6,B,6,2
19,3,22,8,26,B6,B,6,2
20,14,14,14,0,B6,B,6,2
22,2,2,2,0,B6,B,6,2
8,118,118,118,0,B6,B,6,3
10,146,150,146,0,B6,B,6,3
12,64,64,64,0,B6,B,6,3
14,6,6,6,0,B6,B,6,3
2,1,1,1,0,C2,C,2,2
2,11,11,11,0,C3,C,3,2
3,1,2,2,2,C3,C,3,2
4,2,2,2,0,C3,C,3,2
2,120,120,120,0,C4,C,4,2
3,17,34,34,34,C4,C,4,2
4,63,65,65,4,C4,C,4,2
5,6,12,12,12,C4,C,4,2
6,18,21,20,4,C4,C,4,2
7,1,2,2,2,C4,C,4,2
8,3,3,3,0,C4,C,4,2
2,1462,1462,1462,0,C5,C,5,2
3,253,506,506,506,C5,C,5,2
4,1294,1342,1342,96,C5,C,5,2
5,198,398,398,402,C5,C,5,2
6,864,983,938,148,C5,C,5,2
7,128,276,264,292,C5,C,5,2
8,375,469,427,112,C5,C,5,2
9,56,120,116,128,C5,C,5,2
10,99,129,117,36,C5,C,5,2
11,14,34,30,38,C5,C,5,2
12,19,25,21,4,C5,C,5,2
14,3,3,3,0,C5,C,5,2
2,20142,20142,20142,0,C6,C,6,2
3,3911,7822,7822,7822,C6,C,6,2
4,24610,25536,25536,1852,C6,C,6,2
5,4769,9602,9602,9730,C6,C,6,2
6,26037,29162,27999,3928,C6,C,6,2
7,5245,11244,10798,11860,C6,C,6,2
8,19609,24547,22175,5508,C6,C,6,2
9,4230,9834,8974,10914,C6,C,6,2
10,10956,15840,13086,4668,C6,C,6,2
11,2721,6892,5864,7804,C6,C,6,2
12,4971,8552,6197,3092,C6,C,6,2
13,1162,3278,2528,3766,C6,C,6,2
14,1698,3357,2260,1388,C6,C,6,2
15,370,1128,808,1304,C6,C,6,2
16,477,1046,651,424,C6,C,6,2
17,67,238,152,274,C6,C,6,2
18,93,159,117,48,C6,C,6,2
19,5,26,12,30,C6,C,6,2
20,14,14,14,0,C6,C,6,2
22,2,2,2,0,C6,C,6,2
8,118,118,118,0,C6,C,6,3
10,146,150,146,0,C6,C,6,3
12,64,64,64,0,C6,C,6,3
14,6,6,6,0,C6,C,6,3
4,4,4,4,0,D4,D,4,2
4,94,94,94,0,D5,D,5,2
6,30,30,30,0,D5,D,5,2
8,6,6,6,0,D5,D,5,2
4,1802,1802,1802,0,D6,D,6,2
6,1638,1638,1638,0,D6,D,6,2
7,25,50,50,50,D6,D,6,2
8,986,986,986,0,D6,D,6,2
9,18,36,36,36,D6,D,6,2
10,342,354,342,0,D6,D,6,2
11,12,24,24,24,D6,D,6,2
12,108,108,108,0,D6,D,6,2
13,2,4,4,4,D6,D,6,2
14,16,16,16,0,D6,D,6,2
16,2,2,2,0,D6,D,6,2
10,4,8,4,0,D6,D,6,3
4,7472,7472,7472,0,E6,E,6,2
6,9950,9950,9950,0,E6,E,6,2
8,8214,8402,8214,0,E6,E,6,2
9,216,432,432,432,E6,E,6,2
10,4702,5024,4702,0,E6,E,6,2
11,144,288,288,288,E6,E,6,2
12,2294,2572,2294,0,E6,E,6,2
13,192,384,384,384,E6,E,6,2
14,466,652,502,72,E6,E,6,2
15,60,120,120,120,E6,E,6,2
16,144,232,168,48,E6,E,6,2
17,9,18,18,18,E6,E,6,2
18,4,16,8,8,E6,E,6,2
20,4,4,4,0,E6,E,6,2
6,872,872,872,0,E6,E,6,3
8,664,664,664,0,E6,E,6,3
10,558,576,558,0,E6,E,6,3
12,190,202,190,0,E6,E,6,3
14,50,52,50,0,E6,E,6,3
16,2,2,2,0,E6,E,6,3
2,648,648,648,0,F4,F,4,2
3,63,126,126,126,F4,F,4,2
4,587,631,587,0,F4,F,4,2
5,106,212,212,212,F4,F,4,2
6,346,451,410,128,F4,F,4,2
7,63,128,128,148,F4,F,4,2
8,152,241,190,76,F4,F,4,2
9,27,66,60,78,F4,F,4,2
10,69,100,83,28,F4,F,4,2
11,6,30,18,42,F4,F,4,2
12,40,51,46,20,F4,F,4,2
14,6,6,6,0,F4,F,4,2
16,1,1,1,0,F4,F,4,2
4,36,36,36,0,F4,F,4,3
6,36,36,36,0,F4,F,4,3
2,2,2,2,0,G2,G,2,2
4,2,2,2,0,G2,G,2,2
2,2,2,2,0,G2,G,2,3
