left_descents,right_descents,total,changed,percentage_changed,avg_abs_mass_at_one,avg_support_size,avg_monomial_complexity,avg_max_bruhat_depth,avg_weighted_abs_degree_mass,type,family,rank,prime
0,0,1,0,0.0,0.0,0.0,0.0,0.0,0.0,A7,A,7,2
1,1,84,1,1.19047619048,2.0,2.0,2.0,8.0,0.0,A7,A,7,2
1,2,126,1,0.793650793651,1.0,1.0,1.0,8.0,0.0,A7,A,7,2
1,3,36,0,0.0,0.0,0.0,0.0,0.0,0.0,A7,A,7,2
1,4,1,0,0.0,0.0,0.0,0.0,0.0,0.0,A7,A,7,2
2,1,126,1,0.793650793651,1.0,1.0,1.0,8.0,0.0,A7,A,7,2
2,2,1773,8,0.451212633954,1.375,1.375,1.375,8.0,0.0,A7,A,7,2
2,3,1980,6,0.30303030303,1.0,1.0,1.0,8.0,0.0,A7,A,7,2
2,4,405,1,0.246913580247,1.0,1.0,1.0,8.0,0.0,A7,A,7,2
2,5,9,0,0.0,0.0,0.0,0.0,0.0,0.0,A7,A,7,2
3,1,36,0,0.0,0.0,0.0,0.0,0.0,0.0,A7,A,7,2
3,2,1980,6,0.30303030303,1.0,1.0,1.0,8.0,0.0,A7,A,7,2
3,3,8436,5,0.0592697961119,1.0,1.0,1.0,8.0,0.0,A7,A,7,2
3,4,4761,3,0.0630119722747,1.0,1.0,1.0,8.0,0.0,A7,A,7,2
3,5,405,0,0.0,0.0,0.0,0.0,0.0,0.0,A7,A,7,2
3,6,1,0,0.0,0.0,0.0,0.0,0.0,0.0,A7,A,7,2
4,1,1,0,0.0,0.0,0.0,0.0,0.0,0.0,A7,A,7,2
4,2,405,1,0.246913580247,1.0,1.0,1.0,8.0,0.0,A7,A,7,2
4,3,4761,3,0.0630119722747,1.0,1.0,1.0,8.0,0.0,A7,A,7,2
4,4,8436,2,0.0237079184448,1.0,1.0,1.0,8.0,0.0,A7,A,7,2
4,5,1980,0,0.0,0.0,0.0,0.0,0.0,0.0,A7,A,7,2
4,6,36,0,0.0,0.0,0.0,0.0,0.0,0.0,A7,A,7,2
5,2,9,0,0.0,0.0,0.0,0.0,0.0,0.0,A7,A,7,2
5,3,405,0,0.0,0.0,0.0,0.0,0.0,0.0,A7,A,7,2
5,4,1980,0,0.0,0.0,0.0,0.0,0.0,0.0,A7,A,7,2
5,5,1773,0,0.0,0.0,0.0,0.0,0.0,0.0,A7,A,7,2
5,6,126,0,0.0,0.0,0.0,0.0,0.0,0.0,A7,A,7,2
6,3,1,0,0.0,0.0,0.0,0.0,0.0,0.0,A7,A,7,2
6,4,36,0,0.0,0.0,0.0,0.0,0.0,0.0,A7,A,7,2
6,5,126,0,0.0,0.0,0.0,0.0,0.0,0.0,A7,A,7,2
6,6,84,0,0.0,0.0,0.0,0.0,0.0,0.0,A7,A,7,2
7,7,1,0,0.0,0.0,0.0,0.0,0.0,0.0,A7,A,7,2
0,0,1,0,0.0,0.0,0.0,0.0,0.0,0.0,B2,B,2,2
1,1,6,1,16.6666666667,1.0,1.0,1.0,2.0,0.0,B2,B,2,2
2,2,1,0,0.0,0.0,0.0,0.0,0.0,0.0,B2,B,2,2
0,0,1,0,0.0,0.0,0.0,0.0,0.0,0.0,B3,B,3,2
1,1,19,4,21.052631579,1.75,1.75,1.75,2.5,0.0,B3,B,3,2
1,2,4,1,25.0,1.0,1.0,1.0,2.0,0.0,B3,B,3,2
2,1,4,1,25.0,1.0,1.0,1.0,2.0,0.0,B3,B,3,2
2,2,19,4,21.052631579,1.0,1.0,1.0,2.5,0.0,B3,B,3,2
3,3,1,0,0.0,0.0,0.0,0.0,0.0,0.0,B3,B,3,2
0,0,1,0,0.0,0.0,0.0,0.0,0.0,0.0,B4,B,4,2
1,1,45,11,24.4444444444,4.09090909091,4.0,4.09090909091,3.81818181818,0.181818181818,B4,B,4,2
1,2,30,9,30.0,2.0,2.0,2.0,3.11111111111,0.0,B4,B,4,2
1,3,1,0,0.0,0.0,0.0,0.0,0.0,0.0,B4,B,4,2
2,1,30,9,30.0,2.0,2.0,2.0,3.11111111111,0.0,B4,B,4,2
2,2,170,50,29.4117647059,1.92,1.9,1.92,3.38,0.04,B4,B,4,2
2,3,30,9,30.0,1.33333333333,1.22222222222,1.33333333333,3.0,0.222222222222,B4,B,4,2
3,1,1,0,0.0,0.0,0.0,0.0,0.0,0.0,B4,B,4,2
3,2,30,9,30.0,1.33333333333,1.22222222222,1.33333333333,3.0,0.222222222222,B4,B,4,2
3,3,45,11,24.4444444444,1.09090909091,1.0,1.09090909091,3.18181818182,0.181818181818,B4,B,4,2
4,4,1,0,0.0,0.0,0.0,0.0,0.0,0.0,B4,B,4,2
0,0,1,0,0.0,0.0,0.0,0.0,0.0,0.0,B5,B,5,2
1,1,90,26,28.8888888889,14.6153846154,12.3846153846,13.7692307692,5.65384615384,2.76923076923,B5,B,5,2
1,2,126,49,38.8888888889,4.87755102041,4.67346938775,4.85714285714,4.79591836734,0.367346938775,B5,B,5,2
1,3,21,8,38.0952380953,2.0,2.0,2.0,4.5,0.0,B5,B,5,2
2,1,126,49,38.8888888889,4.87755102041,4.67346938775,4.85714285714,4.79591836734,0.367346938775,B5,B,5,2
2,2,995,354,35.5778894472,4.74576271186,4.49152542373,4.72033898305,4.9406779661,0.457627118644,B5,B,5,2
2,3,540,193,35.7407407407,3.0207253886,2.83419689119,3.01554404145,4.49740932642,0.362694300518,B5,B,5,2
2,4,21,6,28.5714285714,2.33333333333,2.16666666667,2.33333333333,5.16666666666,0.333333333333,B5,B,5,2
3,1,21,8,38.0952380953,2.0,2.0,2.0,4.5,0.0,B5,B,5,2
3,2,540,193,35.7407407407,3.0207253886,2.83419689119,3.01554404145,4.49740932642,0.362694300518,B5,B,5,2
3,3,995,346,34.7738693467,2.04624277457,1.91329479769,2.04335260115,4.10982658959,0.260115606936,B5,B,5,2
3,4,126,44,34.9206349207,1.40909090909,1.25,1.40909090909,3.79545454546,0.318181818182,B5,B,5,2
4,2,21,6,28.5714285714,2.33333333333,2.16666666667,2.33333333333,5.16666666666,0.333333333333,B5,B,5,2
4,3,126,44,34.9206349207,1.40909090909,1.25,1.40909090909,3.79545454546,0.318181818182,B5,B,5,2
4,4,90,25,27.7777777778,1.16,1.0,1.16,3.92,0.32,B5,B,5,2
5,5,1,0,0.0,0.0,0.0,0.0,0.0,0.0,B5,B,5,2
0,0,1,0,0.0,0.0,0.0,0.0,0.0,0.0,B6,B,6,2
1,1,161,55,34.1614906832,90.1636363637,55.7454545455,68.4363636364,8.63636363637,30.3636363636,B6,B,6,2
1,2,393,186,47.3282442748,21.5322580645,17.6559139785,19.747311828,7.61827956989,4.33333333334,B6,B,6,2
1,3,161,88,54.6583850931,7.28409090909,6.95454545454,7.26136363636,7.04545454546,0.613636363636,B6,B,6,2
1,4,7,5,71.4285714285,1.8,1.8,1.8,5.6,0.0,B6,B,6,2
2,1,393,186,47.3282442748,21.5322580645,17.6559139785,19.747311828,7.61827956989,4.33333333334,B6,B,6,2
2,2,4389,1899,43.2672590567,18.1221695629,14.2611901,16.3965244866,7.33438651922,4.56556082149,B6,B,6,2
2,3,4928,2163,43.8920454545,9.20527045769,7.91262135922,8.84789644013,6.81183541378,1.93804900601,B6,B,6,2
2,4,826,345,41.7675544794,5.64057971015,5.0115942029,5.53043478261,6.73333333333,1.03768115942,B6,B,6,2
2,5,7,2,28.5714285714,3.5,3.5,3.5,8.0,0.0,B6,B,6,2
3,1,161,88,54.6583850931,7.28409090909,6.95454545454,7.26136363636,7.04545454546,0.613636363636,B6,B,6,2
3,2,4928,2163,43.8920454545,9.20527045769,7.91262135922,8.84789644013,6.81183541378,1.93804900601,B6,B,6,2
3,3,13370,5646,42.2288706058,5.33049946865,4.7771873893,5.24123273114,6.05295784626,0.950053134963,B6,B,6,2
3,4,4928,2030,41.1931818182,3.42266009852,3.03300492611,3.39162561576,5.57142857143,0.717241379311,B6,B,6,2
3,5,161,59,36.6459627329,2.3220338983,2.03389830509,2.3220338983,5.72881355932,0.576271186441,B6,B,6,2
4,1,7,5,71.4285714285,1.8,1.8,1.8,5.6,0.0,B6,B,6,2
4,2,826,345,41.7675544794,5.64057971015,5.0115942029,5.53043478261,6.73333333333,1.03768115942,B6,B,6,2
4,3,4928,2030,41.1931818182,3.42266009852,3.03300492611,3.39162561576,5.57142857143,0.717241379311,B6,B,6,2
4,4,4389,1719,39.1660970608,2.35892961024,2.03490401396,2.34322280396,5.16230366492,0.616637579988,B6,B,6,2
4,5,393,150,38.1679389313,1.6,1.32666666667,1.6,4.8,0.546666666667,B6,B,6,2
5,2,7,2,28.5714285714,3.5,3.5,3.5,8.0,0.0,B6,B,6,2
5,3,161,59,36.6459627329,2.3220338983,2.03389830509,2.3220338983,5.72881355932,0.576271186441,B6,B,6,2
5,4,393,150,38.1679389313,1.6,1.32666666667,1.6,4.8,0.546666666667,B6,B,6,2
5,5,161,49,30.4347826087,1.28571428571,1.02040816327,1.28571428571,4.77551020408,0.530612244898,B6,B,6,2
6,6,1,0,0.0,0.0,0.0,0.0,0.0,0.0,B6,B,6,2
0,0,1,0,0.0,0.0,0.0,0.0,0.0,0.0,B6,B,6,3
1,1,161,14,8.69565217392,2.92857142857,2.85714285714,2.85714285714,10.4285714286,0.0,B6,B,6,3
1,2,393,19,4.83460559796,2.10526315789,2.05263157895,2.05263157895,9.36842105263,0.0,B6,B,6,3
1,3,161,4,2.48447204969,1.25,1.25,1.25,8.5,0.0,B6,B,6,3
1,4,7,0,0.0,0.0,0.0,0.0,0.0,0.0,B6,B,6,3
2,1,393,19,4.83460559796,2.10526315789,2.05263157895,2.05263157895,9.36842105263,0.0,B6,B,6,3
2,2,4389,76,1.7316017316,1.59210526316,1.57894736842,1.57894736842,10.0263157895,0.0,B6,B,6,3
2,3,4928,30,0.608766233766,1.13333333333,1.13333333333,1.13333333333,9.46666666666,0.0,B6,B,6,3
2,4,826,1,0.121065375303,1.0,1.0,1.0,8.0,0.0,B6,B,6,3
2,5,7,0,0.0,0.0,0.0,0.0,0.0,0.0,B6,B,6,3
3,1,161,4,2.48447204969,1.25,1.25,1.25,8.5,0.0,B6,B,6,3
3,2,4928,30,0.608766233766,1.13333333333,1.13333333333,1.13333333333,9.46666666666,0.0,B6,B,6,3
3,3,13370,14,0.104712041885,1.0,1.0,1.0,9.57142857143,0.0,B6,B,6,3
3,4,4928,1,0.0202922077922,1.0,1.0,1.0,8.0,0.0,B6,B,6,3
3,5,161,0,0.0,0.0,0.0,0.0,0.0,0.0,B6,B,6,3
4,1,7,0,0.0,0.0,0.0,0.0,0.0,0.0,B6,B,6,3
4,2,826,1,0.121065375303,1.0,1.0,1.0,8.0,0.0,B6,B,6,3
4,3,4928,1,0.0202922077922,1.0,1.0,1.0,8.0,0.0,B6,B,6,3
4,4,4389,0,0.0,0.0,0.0,0.0,0.0,0.0,B6,B,6,3
4,5,393,0,0.0,0.0,0.0,0.0,0.0,0.0,B6,B,6,3
5,2,7,0,0.0,0.0,0.0,0.0,0.0,0.0,B6,B,6,3
5,3,161,0,0.0,0.0,0.0,0.0,0.0,0.0,B6,B,6,3
5,4,393,0,0.0,0.0,0.0,0.0,0.0,0.0,B6,B,6,3
5,5,161,0,0.0,0.0,0.0,0.0,0.0,0.0,B6,B,6,3
6,6,1,0,0.0,0.0,0.0,0.0,0.0,0.0,B6,B,6,3
0,0,1,0,0.0,0.0,0.0,0.0,0.0,0.0,C2,C,2,2
1,1,6,1,16.6666666667,1.0,1.0,1.0,2.0,0.0,C2,C,2,2
2,2,1,0,0.0,0.0,0.0,0.0,0.0,0.0,C2,C,2,2
0,0,1,0,0.0,0.0,0.0,0.0,0.0,0.0,C3,C,3,2
1,1,19,5,26.3157894737,1.6,1.6,1.6,2.8,0.0,C3,C,3,2
1,2,4,2,50.0,1.0,1.0,1.0,2.0,0.0,C3,C,3,2
2,1,4,2,50.0,1.0,1.0,1.0,2.0,0.0,C3,C,3,2
2,2,19,2,10.5263157895,1.5,1.0,1.5,2.5,1.0,C3,C,3,2
3,3,1,0,0.0,0.0,0.0,0.0,0.0,0.0,C3,C,3,2
0,0,1,0,0.0,0.0,0.0,0.0,0.0,0.0,C4,C,4,2
1,1,45,15,33.3333333333,3.33333333333,3.26666666667,3.33333333333,4.0,0.133333333333,C4,C,4,2
1,2,30,17,56.6666666667,2.17647058823,2.17647058823,2.17647058823,3.17647058823,0.0,C4,C,4,2
1,3,1,1,100.0,1.0,1.0,1.0,2.0,0.0,C4,C,4,2
2,1,30,17,56.6666666667,2.17647058823,2.17647058823,2.17647058823,3.17647058823,0.0,C4,C,4,2
2,2,170,44,25.8823529412,2.04545454546,1.59090909091,2.02272727273,2.97727272727,0.863636363636,C4,C,4,2
2,3,30,9,30.0,1.66666666667,1.44444444445,1.66666666667,3.11111111111,0.444444444444,C4,C,4,2
3,1,1,1,100.0,1.0,1.0,1.0,2.0,0.0,C4,C,4,2
3,2,30,9,30.0,1.66666666667,1.44444444445,1.66666666667,3.11111111111,0.444444444444,C4,C,4,2
3,3,45,6,13.3333333333,1.83333333333,1.16666666667,1.83333333333,4.16666666666,1.33333333333,C4,C,4,2
4,4,1,0,0.0,0.0,0.0,0.0,0.0,0.0,C4,C,4,2
0,0,1,0,0.0,0.0,0.0,0.0,0.0,0.0,C5,C,5,2
1,1,90,35,38.8888888889,11.3714285714,9.85714285714,10.8571428571,5.6,2.0,C5,C,5,2
1,2,126,78,61.9047619047,6.39743589744,6.05128205128,6.32051282052,4.89743589744,0.538461538462,C5,C,5,2
1,3,21,18,85.7142857143,4.05555555555,3.94444444445,4.05555555555,4.11111111111,0.222222222222,C5,C,5,2
2,1,126,78,61.9047619047,6.39743589744,6.05128205128,6.32051282052,4.89743589744,0.538461538462,C5,C,5,2
2,2,995,390,39.1959798995,4.41282051282,3.57179487179,4.28974358975,4.44358974359,1.48205128205,C5,C,5,2
2,3,540,227,42.037037037,3.23788546256,2.73127753304,3.20704845815,4.33920704846,0.951541850221,C5,C,5,2
2,4,21,11,52.3809523809,2.18181818182,2.09090909091,2.18181818182,4.09090909091,0.181818181818,C5,C,5,2
3,1,21,18,85.7142857143,4.05555555555,3.94444444445,4.05555555555,4.11111111111,0.222222222222,C5,C,5,2
3,2,540,227,42.037037037,3.23788546256,2.73127753304,3.20704845815,4.33920704846,0.951541850221,C5,C,5,2
3,3,995,280,28.1407035176,2.81428571428,1.92857142857,2.71785714286,4.41785714286,1.65714285714,C5,C,5,2
3,4,126,35,27.7777777778,2.17142857143,1.45714285714,2.11428571428,4.14285714286,1.31428571429,C5,C,5,2
4,2,21,11,52.3809523809,2.18181818182,2.09090909091,2.18181818182,4.09090909091,0.181818181818,C5,C,5,2
4,3,126,35,27.7777777778,2.17142857143,1.45714285714,2.11428571428,4.14285714286,1.31428571429,C5,C,5,2
4,4,90,11,12.2222222222,2.36363636364,1.18181818182,2.36363636364,5.09090909091,2.72727272727,C5,C,5,2
5,5,1,0,0.0,0.0,0.0,0.0,0.0,0.0,C5,C,5,2
0,0,1,0,0.0,0.0,0.0,0.0,0.0,0.0,C6,C,6,2
1,1,161,79,49.0683229814,65.7721518987,41.2025316456,50.4303797468,7.89873417722,23.1898734177,C6,C,6,2
1,2,393,267,67.9389312977,31.3595505618,24.0337078652,27.4569288389,7.23220973783,7.37827715356,C6,C,6,2
1,3,161,136,84.4720496894,18.1102941177,15.3823529412,16.9779411765,6.60294117647,3.19117647059,C6,C,6,2
1,4,7,7,100.0,10.7142857143,10.0,10.7142857143,6.42857142857,1.42857142857,C6,C,6,2
2,1,393,267,67.9389312977,31.3595505618,24.0337078652,27.4569288389,7.23220973783,7.37827715356,C6,C,6,2
2,2,4389,2249,51.2417407154,15.5504668742,11.443752779,14.0822587817,6.78301467319,5.99555357937,C6,C,6,2
2,3,4928,2618,53.125,9.57410236822,7.45530939649,9.0614973262,6.50305576776,3.40870893812,C6,C,6,2
2,4,826,484,58.5956416465,6.42148760331,5.47314049587,6.28099173554,6.30165289257,1.64049586777,C6,C,6,2
2,5,7,5,71.4285714285,3.8,3.8,3.8,6.0,0.0,C6,C,6,2
3,1,161,136,84.4720496894,18.1102941177,15.3823529412,16.9779411765,6.60294117647,3.19117647059,C6,C,6,2
3,2,4928,2618,53.125,9.57410236822,7.45530939649,9.0614973262,6.50305576776,3.40870893812,C6,C,6,2
3,3,13370,5606,41.9296933433,6.48769175883,4.48251872994,6.03710310382,6.10292543703,3.50588655012,C6,C,6,2
3,4,4928,1979,40.1582792208,4.54623547246,3.07124810511,4.28094997474,5.66397170288,2.6245578575,C6,C,6,2
3,5,161,67,41.6149068323,2.97014925373,2.20895522388,2.88059701493,4.97014925373,1.34328358209,C6,C,6,2
4,1,7,7,100.0,10.7142857143,10.0,10.7142857143,6.42857142857,1.42857142857,C6,C,6,2
4,2,826,484,58.5956416465,6.42148760331,5.47314049587,6.28099173554,6.30165289257,1.64049586777,C6,C,6,2
4,3,4928,1979,40.1582792208,4.54623547246,3.07124810511,4.28094997474,5.66397170288,2.6245578575,C6,C,6,2
4,4,4389,1224,27.8879015721,3.77941176471,2.14950980392,3.50653594771,5.63888888889,3.25816993464,C6,C,6,2
4,5,393,96,24.427480916,3.11458333333,1.71875,2.94791666667,5.72916666666,2.79166666667,C6,C,6,2
5,2,7,5,71.4285714285,3.8,3.8,3.8,6.0,0.0,C6,C,6,2
5,3,161,67,41.6149068323,2.97014925373,2.20895522388,2.88059701493,4.97014925373,1.34328358209,C6,C,6,2
5,4,393,96,24.427480916,3.11458333333,1.71875,2.94791666667,5.72916666666,2.79166666667,C6,C,6,2
5,5,161,19,11.801242236,3.15789473684,1.31578947369,3.05263157895,7.26315789474,4.52631578947,C6,C,6,2
6,6,1,0,0.0,0.0,0.0,0.0,0.0,0.0,C6,C,6,2
0,0,1,0,0.0,0.0,0.0,0.0,0.0,0.0,C6,C,6,3
1,1,161,14,8.69565217392,2.92857142857,2.85714285714,2.85714285714,10.4285714286,0.0,C6,C,6,3
1,2,393,19,4.83460559796,2.10526315789,2.05263157895,2.05263157895,9.36842105263,0.0,C6,C,6,3
1,3,161,4,2.48447204969,1.25,1.25,1.25,8.5,0.0,C6,C,6,3
1,4,7,0,0.0,0.0,0.0,0.0,0.0,0.0,C6,C,6,3
2,1,393,19,4.83460559796,2.10526315789,2.05263157895,2.05263157895,9.36842105263,0.0,C6,C,6,3
2,2,4389,76,1.7316017316,1.59210526316,1.57894736842,1.57894736842,10.0263157895,0.0,C6,C,6,3
2,3,4928,30,0.608766233766,1.13333333333,1.13333333333,1.13333333333,9.46666666666,0.0,C6,C,6,3
2,4,826,1,0.121065375303,1.0,1.0,1.0,8.0,0.0,C6,C,6,3
2,5,7,0,0.0,0.0,0.0,0.0,0.0,0.0,C6,C,6,3
3,1,161,4,2.48447204969,1.25,1.25,1.25,8.5,0.0,C6,C,6,3
3,2,4928,30,0.608766233766,1.13333333333,1.13333333333,1.13333333333,9.46666666666,0.0,C6,C,6,3
3,3,13370,14,0.104712041885,1.0,1.0,1.0,9.57142857143,0.0,C6,C,6,3
3,4,4928,1,0.0202922077922,1.0,1.0,1.0,8.0,0.0,C6,C,6,3
3,5,161,0,0.0,0.0,0.0,0.0,0.0,0.0,C6,C,6,3
4,1,7,0,0.0,0.0,0.0,0.0,0.0,0.0,C6,C,6,3
4,2,826,1,0.121065375303,1.0,1.0,1.0,8.0,0.0,C6,C,6,3
4,3,4928,1,0.0202922077922,1.0,1.0,1.0,8.0,0.0,C6,C,6,3
4,4,4389,0,0.0,0.0,0.0,0.0,0.0,0.0,C6,C,6,3
4,5,393,0,0.0,0.0,0.0,0.0,0.0,0.0,C6,C,6,3
5,2,7,0,0.0,0.0,0.0,0.0,0.0,0.0,C6,C,6,3
5,3,161,0,0.0,0.0,0.0,0.0,0.0,0.0,C6,C,6,3
5,4,393,0,0.0,0.0,0.0,0.0,0.0,0.0,C6,C,6,3
5,5,161,0,0.0,0.0,0.0,0.0,0.0,0.0,C6,C,6,3
6,6,1,0,0.0,0.0,0.0,0.0,0.0,0.0,C6,C,6,3
0,0,1,0,0.0,0.0,0.0,0.0,0.0,0.0,D4,D,4,2
1,1,30,1,3.33333333333,1.0,1.0,1.0,4.0,0.0,D4,D,4,2
1,2,12,0,0.0,0.0,0.0,0.0,0.0,0.0,D4,D,4,2
1,3,2,1,50.0,1.0,1.0,1.0,4.0,0.0,D4,D,4,2
2,1,12,0,0.0,0.0,0.0,0.0,0.0,0.0,D4,D,4,2
2,2,78,0,0.0,0.0,0.0,0.0,0.0,0.0,D4,D,4,2
2,3,12,0,0.0,0.0,0.0,0.0,0.0,0.0,D4,D,4,2
3,1,2,1,50.0,1.0,1.0,1.0,4.0,0.0,D4,D,4,2
3,2,12,0,0.0,0.0,0.0,0.0,0.0,0.0,D4,D,4,2
3,3,30,1,3.33333333333,1.0,1.0,1.0,4.0,0.0,D4,D,4,2
4,4,1,0,0.0,0.0,0.0,0.0,0.0,0.0,D4,D,4,2
0,0,1,0,0.0,0.0,0.0,0.0,0.0,0.0,D5,D,5,2
1,1,69,5,7.24637681159,3.2,3.2,3.2,5.6,0.0,D5,D,5,2
1,2,69,6,8.69565217392,1.5,1.5,1.5,4.33333333334,0.0,D5,D,5,2
1,3,18,8,44.4444444444,2.0,2.0,2.0,5.0,0.0,D5,D,5,2
1,4,1,1,100.0,1.0,1.0,1.0,4.0,0.0,D5,D,5,2
2,1,69,6,8.69565217392,1.5,1.5,1.5,4.33333333334,0.0,D5,D,5,2
2,2,486,5,1.02880658436,1.4,1.4,1.4,4.8,0.0,D5,D,5,2
2,3,229,8,3.49344978166,1.125,1.125,1.125,4.5,0.0,D5,D,5,2
2,4,18,4,22.2222222222,1.0,1.0,1.0,4.5,0.0,D5,D,5,2
3,1,18,8,44.4444444444,2.0,2.0,2.0,5.0,0.0,D5,D,5,2
3,2,229,8,3.49344978166,1.125,1.125,1.125,4.5,0.0,D5,D,5,2
3,3,486,13,2.67489711934,1.46153846154,1.46153846154,1.46153846154,4.61538461538,0.0,D5,D,5,2
3,4,69,3,4.34782608696,1.0,1.0,1.0,4.66666666666,0.0,D5,D,5,2
4,1,1,1,100.0,1.0,1.0,1.0,4.0,0.0,D5,D,5,2
4,2,18,4,22.2222222222,1.0,1.0,1.0,4.5,0.0,D5,D,5,2
4,3,69,3,4.34782608696,1.0,1.0,1.0,4.66666666666,0.0,D5,D,5,2
4,4,69,4,5.79710144927,1.0,1.0,1.0,4.5,0.0,D5,D,5,2
5,5,1,0,0.0,0.0,0.0,0.0,0.0,0.0,D5,D,5,2
0,0,1,0,0.0,0.0,0.0,0.0,0.0,0.0,D6,D,6,2
1,1,135,23,17.0370370371,13.2608695652,12.7826086956,13.1304347826,8.21739130435,0.695652173913,D6,D,6,2
1,2,262,48,18.320610687,6.5625,6.45833333334,6.5,6.66666666666,0.0833333333334,D6,D,6,2
1,3,117,49,41.8803418803,5.26530612245,5.14285714286,5.26530612245,6.51020408163,0.244897959184,D6,D,6,2
1,4,16,14,87.5,4.21428571428,4.21428571428,4.21428571428,6.14285714286,0.0,D6,D,6,2
2,1,262,48,18.320610687,6.5625,6.45833333334,6.5,6.66666666666,0.0833333333334,D6,D,6,2
2,2,2433,201,8.261405672,3.38805970149,3.3631840796,3.37313432836,6.46268656717,0.0199004975124,D6,D,6,2
2,3,2330,191,8.1974248927,2.44502617801,2.43455497382,2.44502617801,6.19371727749,0.020942408377,D6,D,6,2
2,4,510,123,24.1176470588,2.23577235772,2.21951219512,2.23577235772,5.83739837398,0.0325203252033,D6,D,6,2
2,5,16,9,56.25,1.55555555555,1.44444444445,1.55555555555,5.44444444445,0.222222222222,D6,D,6,2
3,1,117,49,41.8803418803,5.26530612245,5.14285714286,5.26530612245,6.51020408163,0.244897959184,D6,D,6,2
3,2,2330,191,8.1974248927,2.44502617801,2.43455497382,2.44502617801,6.19371727749,0.020942408377,D6,D,6,2
3,3,5982,213,3.56068204614,2.06103286385,2.03286384977,2.06103286385,6.10328638498,0.056338028169,D6,D,6,2
3,4,2330,149,6.39484978541,1.53020134228,1.51677852349,1.53020134228,5.44966442953,0.0268456375839,D6,D,6,2
3,5,117,13,11.1111111111,1.07692307692,1.0,1.07692307692,5.15384615384,0.153846153846,D6,D,6,2
4,1,16,14,87.5,4.21428571428,4.21428571428,4.21428571428,6.14285714286,0.0,D6,D,6,2
4,2,510,123,24.1176470588,2.23577235772,2.21951219512,2.23577235772,5.83739837398,0.0325203252033,D6,D,6,2
4,3,2330,149,6.39484978541,1.53020134228,1.51677852349,1.53020134228,5.44966442953,0.0268456375839,D6,D,6,2
4,4,2433,164,6.74064940403,1.65243902439,1.62804878049,1.65243902439,5.65853658537,0.0487804878049,D6,D,6,2
4,5,262,22,8.39694656488,1.18181818182,1.09090909091,1.18181818182,5.45454545454,0.181818181818,D6,D,6,2
5,2,16,9,56.25,1.55555555555,1.44444444445,1.55555555555,5.44444444445,0.222222222222,D6,D,6,2
5,3,117,13,11.1111111111,1.07692307692,1.0,1.07692307692,5.15384615384,0.153846153846,D6,D,6,2
5,4,262,22,8.39694656488,1.18181818182,1.09090909091,1.18181818182,5.45454545454,0.181818181818,D6,D,6,2
5,5,135,11,8.14814814815,1.09090909091,1.0,1.09090909091,5.18181818182,0.181818181818,D6,D,6,2
6,6,1,0,0.0,0.0,0.0,0.0,0.0,0.0,D6,D,6,2
0,0,1,0,0.0,0.0,0.0,0.0,0.0,0.0,D6,D,6,3
1,1,135,1,0.740740740741,2.0,1.0,1.0,10.0,0.0,D6,D,6,3
1,2,262,1,0.381679389313,2.0,1.0,1.0,10.0,0.0,D6,D,6,3
1,3,117,0,0.0,0.0,0.0,0.0,0.0,0.0,D6,D,6,3
1,4,16,0,0.0,0.0,0.0,0.0,0.0,0.0,D6,D,6,3
2,1,262,1,0.381679389313,2.0,1.0,1.0,10.0,0.0,D6,D,6,3
2,2,2433,1,0.0411015207563,2.0,1.0,1.0,10.0,0.0,D6,D,6,3
2,3,2330,0,0.0,0.0,0.0,0.0,0.0,0.0,D6,D,6,3
2,4,510,0,0.0,0.0,0.0,0.0,0.0,0.0,D6,D,6,3
2,5,16,0,0.0,0.0,0.0,0.0,0.0,0.0,D6,D,6,3
3,1,117,0,0.0,0.0,0.0,0.0,0.0,0.0,D6,D,6,3
3,2,2330,0,0.0,0.0,0.0,0.0,0.0,0.0,D6,D,6,3
3,3,5982,0,0.0,0.0,0.0,0.0,0.0,0.0,D6,D,6,3
3,4,2330,0,0.0,0.0,0.0,0.0,0.0,0.0,D6,D,6,3
3,5,117,0,0.0,0.0,0.0,0.0,0.0,0.0,D6,D,6,3
4,1,16,0,0.0,0.0,0.0,0.0,0.0,0.0,D6,D,6,3
4,2,510,0,0.0,0.0,0.0,0.0,0.0,0.0,D6,D,6,3
4,3,2330,0,0.0,0.0,0.0,0.0,0.0,0.0,D6,D,6,3
4,4,2433,0,0.0,0.0,0.0,0.0,0.0,0.0,D6,D,6,3
4,5,262,0,0.0,0.0,0.0,0.0,0.0,0.0,D6,D,6,3
5,2,16,0,0.0,0.0,0.0,0.0,0.0,0.0,D6,D,6,3
5,3,117,0,0.0,0.0,0.0,0.0,0.0,0.0,D6,D,6,3
5,4,262,0,0.0,0.0,0.0,0.0,0.0,0.0,D6,D,6,3
5,5,135,0,0.0,0.0,0.0,0.0,0.0,0.0,D6,D,6,3
6,6,1,0,0.0,0.0,0.0,0.0,0.0,0.0,D6,D,6,3
0,0,1,0,0.0,0.0,0.0,0.0,0.0,0.0,E6,E,6,2
1,1,232,69,29.7413793103,40.536231884,35.5507246377,36.7826086957,9.62318840579,2.46376811594,E6,E,6,2
1,2,584,199,34.0753424658,12.9547738694,12.1909547739,12.4422110553,8.35175879397,0.502512562814,E6,E,6,2
1,3,389,211,54.2416452442,11.8436018957,10.691943128,11.1658767772,7.70616113744,0.947867298578,E6,E,6,2
1,4,64,53,82.8125,5.92452830189,5.62264150944,5.92452830189,6.90566037736,0.603773584906,E6,E,6,2
1,5,3,3,100.0,10.0,8.66666666667,10.0,8.0,2.66666666667,E6,E,6,2
2,1,584,199,34.0753424658,12.9547738694,12.1909547739,12.4422110553,8.35175879397,0.502512562814,E6,E,6,2
2,2,4785,771,16.1128526646,5.56290531777,5.4747081712,5.4850843061,8.15564202334,0.0207522697795,E6,E,6,2
2,3,5440,967,17.7757352941,3.74767321613,3.64529472596,3.69079627715,7.56566701137,0.0910031023785,E6,E,6,2
2,4,1310,397,30.3053435115,2.48866498741,2.48866498741,2.48866498741,6.76070528967,0.0,E6,E,6,2
2,5,64,36,56.25,1.47222222222,1.47222222222,1.47222222222,5.05555555555,0.0,E6,E,6,2
3,1,389,211,54.2416452442,11.8436018957,10.691943128,11.1658767772,7.70616113744,0.947867298578,E6,E,6,2
3,2,5440,967,17.7757352941,3.74767321613,3.64529472596,3.69079627715,7.56566701137,0.0910031023785,E6,E,6,2
3,3,13270,1498,11.2886209495,3.07076101469,2.92723631509,3.01001335113,7.37783711615,0.165554072096,E6,E,6,2
3,4,5440,694,12.7573529412,1.8530259366,1.82997118156,1.8530259366,6.61095100865,0.0461095100865,E6,E,6,2
3,5,389,65,16.7095115681,1.63076923077,1.56923076923,1.63076923077,6.03076923077,0.123076923077,E6,E,6,2
4,1,64,53,82.8125,5.92452830189,5.62264150944,5.92452830189,6.90566037736,0.603773584906,E6,E,6,2
4,2,1310,397,30.3053435115,2.48866498741,2.48866498741,2.48866498741,6.76070528967,0.0,E6,E,6,2
4,3,5440,694,12.7573529412,1.8530259366,1.82997118156,1.8530259366,6.61095100865,0.0461095100865,E6,E,6,2
4,4,4785,507,10.5956112853,1.49506903353,1.49506903353,1.49506903353,5.94477317554,0.0,E6,E,6,2
4,5,584,61,10.4452054795,1.13114754098,1.13114754098,1.13114754098,5.54098360656,0.0,E6,E,6,2
5,1,3,3,100.0,10.0,8.66666666667,10.0,8.0,2.66666666667,E6,E,6,2
5,2,64,36,56.25,1.47222222222,1.47222222222,1.47222222222,5.05555555555,0.0,E6,E,6,2
5,3,389,65,16.7095115681,1.63076923077,1.56923076923,1.63076923077,6.03076923077,0.123076923077,E6,E,6,2
5,4,584,61,10.4452054795,1.13114754098,1.13114754098,1.13114754098,5.54098360656,0.0,E6,E,6,2
5,5,232,26,11.2068965517,1.07692307692,1.07692307692,1.07692307692,6.0,0.0,E6,E,6,2
6,6,1,0,0.0,0.0,0.0,0.0,0.0,0.0,E6,E,6,2
0,0,1,0,0.0,0.0,0.0,0.0,0.0,0.0,E6,E,6,3
1,1,232,18,7.75862068965,17.1111111111,16.3888888889,16.3888888889,11.5555555556,0.0,E6,E,6,3
1,2,584,43,7.36301369863,4.97674418605,4.86046511628,4.86046511628,9.44186046511,0.0,E6,E,6,3
1,3,389,46,11.8251928021,3.26086956522,3.21739130435,3.21739130435,8.39130434782,0.0,E6,E,6,3
1,4,64,4,6.25,1.0,1.0,1.0,6.0,0.0,E6,E,6,3
1,5,3,2,66.6666666666,1.0,1.0,1.0,6.0,0.0,E6,E,6,3
2,1,584,43,7.36301369863,4.97674418605,4.86046511628,4.86046511628,9.44186046511,0.0,E6,E,6,3
2,2,4785,140,2.92580982236,2.42142857143,2.40714285714,2.40714285714,9.89999999999,0.0,E6,E,6,3
2,3,5440,143,2.62867647059,1.75524475524,1.74825174825,1.74825174825,8.51748251748,0.0,E6,E,6,3
2,4,1310,27,2.06106870229,1.55555555555,1.55555555555,1.55555555555,8.5925925926,0.0,E6,E,6,3
2,5,64,5,7.8125,1.2,1.2,1.2,7.2,0.0,E6,E,6,3
3,1,389,46,11.8251928021,3.26086956522,3.21739130435,3.21739130435,8.39130434782,0.0,E6,E,6,3
3,2,5440,143,2.62867647059,1.75524475524,1.74825174825,1.74825174825,8.51748251748,0.0,E6,E,6,3
3,3,13270,202,1.52223059533,1.22277227723,1.21782178218,1.21782178218,6.71287128713,0.0,E6,E,6,3
3,4,5440,37,0.680147058823,1.08108108108,1.08108108108,1.08108108108,7.08108108108,0.0,E6,E,6,3
3,5,389,17,4.37017994859,1.05882352941,1.05882352941,1.05882352941,6.47058823529,0.0,E6,E,6,3
4,1,64,4,6.25,1.0,1.0,1.0,6.0,0.0,E6,E,6,3
4,2,1310,27,2.06106870229,1.55555555555,1.55555555555,1.55555555555,8.5925925926,0.0,E6,E,6,3
4,3,5440,37,0.680147058823,1.08108108108,1.08108108108,1.08108108108,7.08108108108,0.0,E6,E,6,3
4,4,4785,11,0.229885057471,1.0,1.0,1.0,6.18181818182,0.0,E6,E,6,3
4,5,584,3,0.513698630137,1.0,1.0,1.0,6.66666666666,0.0,E6,E,6,3
5,1,3,2,66.6666666666,1.0,1.0,1.0,6.0,0.0,E6,E,6,3
5,2,64,5,7.8125,1.2,1.2,1.2,7.2,0.0,E6,E,6,3
5,3,389,17,4.37017994859,1.05882352941,1.05882352941,1.05882352941,6.47058823529,0.0,E6,E,6,3
5,4,584,3,0.513698630137,1.0,1.0,1.0,6.66666666666,0.0,E6,E,6,3
5,5,232,3,1.29310344828,1.0,1.0,1.0,6.66666666666,0.0,E6,E,6,3
6,6,1,0,0.0,0.0,0.0,0.0,0.0,0.0,E6,E,6,3
0,0,1,0,0.0,0.0,0.0,0.0,0.0,0.0,F4,F,4,2
1,1,108,57,52.7777777778,11.5087719298,8.71929824562,9.66666666667,5.38596491228,2.0701754386,F4,F,4,2
1,2,112,67,59.8214285714,5.10447761194,4.32835820896,4.85074626865,4.97014925373,1.0447761194,F4,F,4,2
1,3,16,11,68.75,5.0,4.27272727273,4.81818181818,6.72727272727,1.09090909091,F4,F,4,2
2,1,112,67,59.8214285714,5.10447761194,4.32835820896,4.85074626865,4.97014925373,1.0447761194,F4,F,4,2
2,2,454,262,57.7092511013,3.36259541985,2.57633587786,3.27099236641,5.7786259542,1.47328244275,F4,F,4,2
2,3,112,65,58.0357142857,2.32307692308,1.76923076923,2.26153846154,4.52307692308,1.04615384615,F4,F,4,2
3,1,16,11,68.75,5.0,4.27272727273,4.81818181818,6.72727272727,1.09090909091,F4,F,4,2
3,2,112,65,58.0357142857,2.32307692308,1.76923076923,2.26153846154,4.52307692308,1.04615384615,F4,F,4,2
3,3,108,27,25.0,2.14814814815,1.40740740741,2.11111111111,4.88888888889,2.0,F4,F,4,2
4,4,1,0,0.0,0.0,0.0,0.0,0.0,0.0,F4,F,4,2
0,0,1,0,0.0,0.0,0.0,0.0,0.0,0.0,F4,F,4,3
1,1,108,8,7.40740740741,1.0,1.0,1.0,5.0,0.0,F4,F,4,3
1,2,112,8,7.14285714286,1.0,1.0,1.0,5.0,0.0,F4,F,4,3
1,3,16,8,50.0,1.0,1.0,1.0,5.0,0.0,F4,F,4,3
2,1,112,8,7.14285714286,1.0,1.0,1.0,5.0,0.0,F4,F,4,3
2,2,454,8,1.76211453745,1.0,1.0,1.0,5.0,0.0,F4,F,4,3
2,3,112,8,7.14285714286,1.0,1.0,1.0,5.0,0.0,F4,F,4,3
3,1,16,8,50.0,1.0,1.0,1.0,5.0,0.0,F4,F,4,3
3,2,112,8,7.14285714286,1.0,1.0,1.0,5.0,0.0,F4,F,4,3
3,3,108,8,7.40740740741,1.0,1.0,1.0,5.0,0.0,F4,F,4,3
4,4,1,0,0.0,0.0,0.0,0.0,0.0,0.0,F4,F,4,3
0,0,1,0,0.0,0.0,0.0,0.0,0.0,0.0,G2,G,2,2
1,1,10,4,40.0,1.0,1.0,1.0,3.0,0.0,G2,G,2,2
2,2,1,0,0.0,0.0,0.0,0.0,0.0,0.0,G2,G,2,2
0,0,1,0,0.0,0.0,0.0,0.0,0.0,0.0,G2,G,2,3
1,1,10,2,20.0,1.0,1.0,1.0,2.0,0.0,G2,G,2,3
2,2,1,0,0.0,0.0,0.0,0.0,0.0,0.0,G2,G,2,3
