ell,total,changed,percentage_changed,type,family,rank,prime,source
0,1,0,0.0,F4,F,4,2,percentage
1,4,0,0.0,F4,F,4,2,percentage
2,9,0,0.0,F4,F,4,2,percentage
3,16,1,6.25,F4,F,4,2,percentage
4,25,4,16.0,F4,F,4,2,percentage
5,36,9,25.0,F4,F,4,2,percentage
6,48,14,29.1666666667,F4,F,4,2,percentage
7,60,19,31.6666666667,F4,F,4,2,percentage
8,71,26,36.6197183098,F4,F,4,2,percentage
9,80,33,41.25,F4,F,4,2,percentage
10,87,39,44.8275862069,F4,F,4,2,percentage
11,92,45,48.9130434783,F4,F,4,2,percentage
12,94,53,56.3829787234,F4,F,4,2,percentage
13,92,66,71.7391304348,F4,F,4,2,percentage
14,87,72,82.7586206896,F4,F,4,2,percentage
15,80,67,83.75,F4,F,4,2,percentage
16,71,56,78.8732394367,F4,F,4,2,percentage
17,60,44,73.3333333334,F4,F,4,2,percentage
18,48,33,68.75,F4,F,4,2,percentage
19,36,22,61.1111111111,F4,F,4,2,percentage
20,25,15,60.0,F4,F,4,2,percentage
21,16,8,50.0,F4,F,4,2,percentage
22,9,4,44.4444444444,F4,F,4,2,percentage
23,4,2,50.0,F4,F,4,2,percentage
24,1,0,0.0,F4,F,4,2,percentage
0,1,0,0.0,F4,F,4,3,percentage
1,4,0,0.0,F4,F,4,3,percentage
2,9,0,0.0,F4,F,4,3,percentage
3,16,0,0.0,F4,F,4,3,percentage
4,25,0,0.0,F4,F,4,3,percentage
5,36,0,0.0,F4,F,4,3,percentage
6,48,0,0.0,F4,F,4,3,percentage
7,60,0,0.0,F4,F,4,3,percentage
8,71,0,0.0,F4,F,4,3,percentage
9,80,0,0.0,F4,F,4,3,percentage
10,87,4,4.59770114943,F4,F,4,3,percentage
11,92,8,8.69565217392,F4,F,4,3,percentage
12,94,12,12.7659574468,F4,F,4,3,percentage
13,92,8,8.69565217392,F4,F,4,3,percentage
14,87,6,6.89655172414,F4,F,4,3,percentage
15,80,4,5.0,F4,F,4,3,percentage
16,71,8,11.2676056338,F4,F,4,3,percentage
17,60,8,13.3333333333,F4,F,4,3,percentage
18,48,8,16.6666666667,F4,F,4,3,percentage
19,36,4,11.1111111111,F4,F,4,3,percentage
20,25,2,8.0,F4,F,4,3,percentage
21,16,0,0.0,F4,F,4,3,percentage
22,9,0,0.0,F4,F,4,3,percentage
23,4,0,0.0,F4,F,4,3,percentage
24,1,0,0.0,F4,F,4,3,percentage
0,1,0,0.0,A7,A,7,2,percentage
1,7,0,0.0,A7,A,7,2,percentage
2,27,0,0.0,A7,A,7,2,percentage
3,76,0,0.0,A7,A,7,2,percentage
4,174,0,0.0,A7,A,7,2,percentage
5,343,0,0.0,A7,A,7,2,percentage
6,602,0,0.0,A7,A,7,2,percentage
7,961,0,0.0,A7,A,7,2,percentage
8,1415,0,0.0,A7,A,7,2,percentage
9,1940,0,0.0,A7,A,7,2,percentage
10,2493,0,0.0,A7,A,7,2,percentage
11,3017,0,0.0,A7,A,7,2,percentage
12,3450,0,0.0,A7,A,7,2,percentage
13,3736,0,0.0,A7,A,7,2,percentage
14,3836,1,0.0260688216893,A7,A,7,2,percentage
15,3736,2,0.0535331905782,A7,A,7,2,percentage
16,3450,2,0.0579710144928,A7,A,7,2,percentage
17,3017,8,0.265164070268,A7,A,7,2,percentage
18,2493,14,0.561572402728,A7,A,7,2,percentage
19,1940,6,0.309278350515,A7,A,7,2,percentage
20,1415,2,0.141342756184,A7,A,7,2,percentage
21,961,2,0.208116545265,A7,A,7,2,percentage
22,602,1,0.166112956811,A7,A,7,2,percentage
23,343,0,0.0,A7,A,7,2,percentage
24,174,0,0.0,A7,A,7,2,percentage
25,76,0,0.0,A7,A,7,2,percentage
26,27,0,0.0,A7,A,7,2,percentage
27,7,0,0.0,A7,A,7,2,percentage
28,1,0,0.0,A7,A,7,2,percentage
0,1,0,0.0,B2,B,2,2,percentage
1,2,0,0.0,B2,B,2,2,percentage
2,2,0,0.0,B2,B,2,2,percentage
3,2,1,50.0,B2,B,2,2,percentage
4,1,0,0.0,B2,B,2,2,percentage
0,1,0,0.0,B3,B,3,2,percentage
1,3,0,0.0,B3,B,3,2,percentage
2,5,0,0.0,B3,B,3,2,percentage
3,7,1,14.2857142857,B3,B,3,2,percentage
4,8,2,25.0,B3,B,3,2,percentage
5,8,2,25.0,B3,B,3,2,percentage
6,7,1,14.2857142857,B3,B,3,2,percentage
7,5,2,40.0,B3,B,3,2,percentage
8,3,2,66.6666666666,B3,B,3,2,percentage
9,1,0,0.0,B3,B,3,2,percentage
0,1,0,0.0,B4,B,4,2,percentage
1,4,0,0.0,B4,B,4,2,percentage
2,9,0,0.0,B4,B,4,2,percentage
3,16,1,6.25,B4,B,4,2,percentage
4,24,3,12.5,B4,B,4,2,percentage
5,32,6,18.75,B4,B,4,2,percentage
6,39,8,20.5128205128,B4,B,4,2,percentage
7,44,10,22.7272727273,B4,B,4,2,percentage
8,46,12,26.0869565217,B4,B,4,2,percentage
9,44,15,34.0909090909,B4,B,4,2,percentage
10,39,17,43.5897435897,B4,B,4,2,percentage
11,32,14,43.75,B4,B,4,2,percentage
12,24,8,33.3333333333,B4,B,4,2,percentage
13,16,6,37.5,B4,B,4,2,percentage
14,9,5,55.5555555556,B4,B,4,2,percentage
15,4,3,75.0,B4,B,4,2,percentage
16,1,0,0.0,B4,B,4,2,percentage
0,1,0,0.0,B5,B,5,2,percentage
1,5,0,0.0,B5,B,5,2,percentage
2,14,0,0.0,B5,B,5,2,percentage
3,30,1,3.33333333333,B5,B,5,2,percentage
4,54,4,7.40740740741,B5,B,5,2,percentage
5,86,10,11.6279069767,B5,B,5,2,percentage
6,125,19,15.2,B5,B,5,2,percentage
7,169,31,18.3431952663,B5,B,5,2,percentage
8,215,45,20.9302325581,B5,B,5,2,percentage
9,259,62,23.9382239382,B5,B,5,2,percentage
10,297,84,28.2828282828,B5,B,5,2,percentage
11,325,107,32.9230769231,B5,B,5,2,percentage
12,340,124,36.4705882353,B5,B,5,2,percentage
13,340,133,39.1176470588,B5,B,5,2,percentage
14,325,134,41.2307692308,B5,B,5,2,percentage
15,297,128,43.0976430976,B5,B,5,2,percentage
16,259,117,45.1737451737,B5,B,5,2,percentage
17,215,105,48.8372093023,B5,B,5,2,percentage
18,169,90,53.2544378698,B5,B,5,2,percentage
19,125,65,52.0,B5,B,5,2,percentage
20,86,40,46.511627907,B5,B,5,2,percentage
21,54,24,44.4444444444,B5,B,5,2,percentage
22,30,15,50.0,B5,B,5,2,percentage
23,14,9,64.2857142857,B5,B,5,2,percentage
24,5,4,80.0,B5,B,5,2,percentage
25,1,0,0.0,B5,B,5,2,percentage
0,1,0,0.0,B6,B,6,2,percentage
1,6,0,0.0,B6,B,6,2,percentage
2,20,0,0.0,B6,B,6,2,percentage
3,50,1,2.0,B6,B,6,2,percentage
4,104,5,4.8076923077,B6,B,6,2,percentage
5,190,15,7.89473684211,B6,B,6,2,percentage
6,315,34,10.7936507937,B6,B,6,2,percentage
7,484,66,13.6363636364,B6,B,6,2,percentage
8,699,114,16.3090128755,B6,B,6,2,percentage
9,958,181,18.8935281837,B6,B,6,2,percentage
10,1255,272,21.6733067729,B6,B,6,2,percentage
11,1580,391,24.746835443,B6,B,6,2,percentage
12,1919,535,27.8791036998,B6,B,6,2,percentage
13,2254,698,30.9671694765,B6,B,6,2,percentage
14,2565,869,33.8791423002,B6,B,6,2,percentage
15,2832,1035,36.5466101695,B6,B,6,2,percentage
16,3037,1183,38.9529140599,B6,B,6,2,percentage
17,3166,1308,41.3139608339,B6,B,6,2,percentage
18,3210,1417,44.1433021807,B6,B,6,2,percentage
19,3166,1484,46.8730259002,B6,B,6,2,percentage
20,3037,1501,49.4237734607,B6,B,6,2,percentage
21,2832,1461,51.5889830508,B6,B,6,2,percentage
22,2565,1373,53.5282651072,B6,B,6,2,percentage
23,2254,1236,54.8358473824,B6,B,6,2,percentage
24,1919,1072,55.8624283481,B6,B,6,2,percentage
25,1580,887,56.1392405063,B6,B,6,2,percentage
26,1255,704,56.0956175299,B6,B,6,2,percentage
27,958,541,56.4718162839,B6,B,6,2,percentage
28,699,399,57.0815450644,B6,B,6,2,percentage
29,484,273,56.4049586777,B6,B,6,2,percentage
30,315,169,53.6507936508,B6,B,6,2,percentage
31,190,98,51.5789473684,B6,B,6,2,percentage
32,104,54,51.9230769231,B6,B,6,2,percentage
33,50,29,58.0,B6,B,6,2,percentage
34,20,14,70.0,B6,B,6,2,percentage
35,6,5,83.3333333334,B6,B,6,2,percentage
36,1,0,0.0,B6,B,6,2,percentage
0,1,0,0.0,B6,B,6,3,percentage
1,6,0,0.0,B6,B,6,3,percentage
2,20,0,0.0,B6,B,6,3,percentage
3,50,0,0.0,B6,B,6,3,percentage
4,104,0,0.0,B6,B,6,3,percentage
5,190,0,0.0,B6,B,6,3,percentage
6,315,0,0.0,B6,B,6,3,percentage
7,484,0,0.0,B6,B,6,3,percentage
8,699,0,0.0,B6,B,6,3,percentage
9,958,0,0.0,B6,B,6,3,percentage
10,1255,0,0.0,B6,B,6,3,percentage
11,1580,0,0.0,B6,B,6,3,percentage
12,1919,0,0.0,B6,B,6,3,percentage
13,2254,0,0.0,B6,B,6,3,percentage
14,2565,0,0.0,B6,B,6,3,percentage
15,2832,3,0.10593220339,B6,B,6,3,percentage
16,3037,4,0.13170892328,B6,B,6,3,percentage
17,3166,8,0.252684775742,B6,B,6,3,percentage
18,3210,8,0.249221183801,B6,B,6,3,percentage
19,3166,8,0.252684775742,B6,B,6,3,percentage
20,3037,19,0.625617385578,B6,B,6,3,percentage
21,2832,23,0.812146892656,B6,B,6,3,percentage
22,2565,24,0.93567251462,B6,B,6,3,percentage
23,2254,26,1.15350488021,B6,B,6,3,percentage
24,1919,31,1.61542470037,B6,B,6,3,percentage
25,1580,23,1.45569620253,B6,B,6,3,percentage
26,1255,16,1.27490039841,B6,B,6,3,percentage
27,958,10,1.04384133612,B6,B,6,3,percentage
28,699,8,1.14449213162,B6,B,6,3,percentage
29,484,3,0.619834710744,B6,B,6,3,percentage
30,315,0,0.0,B6,B,6,3,percentage
31,190,0,0.0,B6,B,6,3,percentage
32,104,0,0.0,B6,B,6,3,percentage
33,50,0,0.0,B6,B,6,3,percentage
34,20,0,0.0,B6,B,6,3,percentage
35,6,0,0.0,B6,B,6,3,percentage
36,1,0,0.0,B6,B,6,3,percentage
0,1,0,0.0,C2,C,2,2,percentage
1,2,0,0.0,C2,C,2,2,percentage
2,2,0,0.0,C2,C,2,2,percentage
3,2,1,50.0,C2,C,2,2,percentage
4,1,0,0.0,C2,C,2,2,percentage
0,1,0,0.0,C3,C,3,2,percentage
1,3,0,0.0,C3,C,3,2,percentage
2,5,0,0.0,C3,C,3,2,percentage
3,7,1,14.2857142857,C3,C,3,2,percentage
4,8,2,25.0,C3,C,3,2,percentage
5,8,3,37.5,C3,C,3,2,percentage
6,7,3,42.8571428572,C3,C,3,2,percentage
7,5,1,20.0,C3,C,3,2,percentage
8,3,1,33.3333333333,C3,C,3,2,percentage
9,1,0,0.0,C3,C,3,2,percentage
0,1,0,0.0,C4,C,4,2,percentage
1,4,0,0.0,C4,C,4,2,percentage
2,9,0,0.0,C4,C,4,2,percentage
3,16,1,6.25,C4,C,4,2,percentage
4,24,3,12.5,C4,C,4,2,percentage
5,32,7,21.875,C4,C,4,2,percentage
6,39,12,30.7692307692,C4,C,4,2,percentage
7,44,16,36.3636363636,C4,C,4,2,percentage
8,46,18,39.1304347826,C4,C,4,2,percentage
9,44,17,38.6363636364,C4,C,4,2,percentage
10,39,14,35.8974358974,C4,C,4,2,percentage
11,32,13,40.625,C4,C,4,2,percentage
12,24,10,41.6666666667,C4,C,4,2,percentage
13,16,5,31.25,C4,C,4,2,percentage
14,9,2,22.2222222222,C4,C,4,2,percentage
15,4,1,25.0,C4,C,4,2,percentage
16,1,0,0.0,C4,C,4,2,percentage
0,1,0,0.0,C5,C,5,2,percentage
1,5,0,0.0,C5,C,5,2,percentage
2,14,0,0.0,C5,C,5,2,percentage
3,30,1,3.33333333333,C5,C,5,2,percentage
4,54,4,7.40740740741,C5,C,5,2,percentage
5,86,11,12.7906976744,C5,C,5,2,percentage
6,125,24,19.2,C5,C,5,2,percentage
7,169,43,25.4437869822,C5,C,5,2,percentage
8,215,67,31.1627906977,C5,C,5,2,percentage
9,259,92,35.5212355212,C5,C,5,2,percentage
10,297,114,38.3838383838,C5,C,5,2,percentage
11,325,131,40.3076923077,C5,C,5,2,percentage
12,340,142,41.7647058823,C5,C,5,2,percentage
13,340,145,42.6470588236,C5,C,5,2,percentage
14,325,144,44.3076923077,C5,C,5,2,percentage
15,297,137,46.127946128,C5,C,5,2,percentage
16,259,122,47.1042471043,C5,C,5,2,percentage
17,215,96,44.6511627907,C5,C,5,2,percentage
18,169,71,42.0118343195,C5,C,5,2,percentage
19,125,48,38.4,C5,C,5,2,percentage
20,86,32,37.2093023256,C5,C,5,2,percentage
21,54,18,33.3333333333,C5,C,5,2,percentage
22,30,8,26.6666666667,C5,C,5,2,percentage
23,14,3,21.4285714286,C5,C,5,2,percentage
24,5,1,20.0,C5,C,5,2,percentage
25,1,0,0.0,C5,C,5,2,percentage
0,1,0,0.0,C6,C,6,2,percentage
1,6,0,0.0,C6,C,6,2,percentage
2,20,0,0.0,C6,C,6,2,percentage
3,50,1,2.0,C6,C,6,2,percentage
4,104,5,4.8076923077,C6,C,6,2,percentage
5,190,16,8.42105263157,C6,C,6,2,percentage
6,315,40,12.6984126984,C6,C,6,2,percentage
7,484,84,17.3553719008,C6,C,6,2,percentage
8,699,155,22.1745350501,C6,C,6,2,percentage
9,958,257,26.8267223382,C6,C,6,2,percentage
10,1255,389,30.9960159363,C6,C,6,2,percentage
11,1580,547,34.6202531646,C6,C,6,2,percentage
12,1919,722,37.6237623763,C6,C,6,2,percentage
13,2254,903,40.0621118012,C6,C,6,2,percentage
14,2565,1080,42.1052631579,C6,C,6,2,percentage
15,2832,1246,43.9971751412,C6,C,6,2,percentage
16,3037,1396,45.9664142246,C6,C,6,2,percentage
17,3166,1512,47.7574226153,C6,C,6,2,percentage
18,3210,1581,49.2523364486,C6,C,6,2,percentage
19,3166,1595,50.3790271636,C6,C,6,2,percentage
20,3037,1569,51.6628251564,C6,C,6,2,percentage
21,2832,1466,51.7655367232,C6,C,6,2,percentage
22,2565,1331,51.8908382066,C6,C,6,2,percentage
23,2254,1143,50.7098491571,C6,C,6,2,percentage
24,1919,961,50.0781657113,C6,C,6,2,percentage
25,1580,785,49.6835443038,C6,C,6,2,percentage
26,1255,607,48.3665338645,C6,C,6,2,percentage
27,958,435,45.4070981211,C6,C,6,2,percentage
28,699,296,42.3462088698,C6,C,6,2,percentage
29,484,190,39.2561983471,C6,C,6,2,percentage
30,315,111,35.2380952381,C6,C,6,2,percentage
31,190,62,32.6315789474,C6,C,6,2,percentage
32,104,10,9.61538461539,C6,C,6,2,percentage
33,50,0,0.0,C6,C,6,2,percentage
34,20,0,0.0,C6,C,6,2,percentage
35,6,0,0.0,C6,C,6,2,percentage
36,1,0,0.0,C6,C,6,2,percentage
0,1,0,0.0,C6,C,6,3,percentage
1,6,0,0.0,C6,C,6,3,percentage
2,20,0,0.0,C6,C,6,3,percentage
3,50,0,0.0,C6,C,6,3,percentage
4,104,0,0.0,C6,C,6,3,percentage
5,190,0,0.0,C6,C,6,3,percentage
6,315,0,0.0,C6,C,6,3,percentage
7,484,0,0.0,C6,C,6,3,percentage
8,699,0,0.0,C6,C,6,3,percentage
9,958,0,0.0,C6,C,6,3,percentage
10,1255,0,0.0,C6,C,6,3,percentage
11,1580,0,0.0,C6,C,6,3,percentage
12,1919,0,0.0,C6,C,6,3,percentage
13,2254,0,0.0,C6,C,6,3,percentage
14,2565,0,0.0,C6,C,6,3,percentage
15,2832,3,0.10593220339,C6,C,6,3,percentage
16,3037,4,0.13170892328,C6,C,6,3,percentage
17,3166,8,0.252684775742,C6,C,6,3,percentage
18,3210,8,0.249221183801,C6,C,6,3,percentage
19,3166,8,0.252684775742,C6,C,6,3,percentage
20,3037,19,0.625617385578,C6,C,6,3,percentage
21,2832,23,0.812146892656,C6,C,6,3,percentage
22,2565,24,0.93567251462,C6,C,6,3,percentage
23,2254,26,1.15350488021,C6,C,6,3,percentage
24,1919,31,1.61542470037,C6,C,6,3,percentage
25,1580,23,1.45569620253,C6,C,6,3,percentage
26,1255,16,1.27490039841,C6,C,6,3,percentage
27,958,10,1.04384133612,C6,C,6,3,percentage
28,699,8,1.14449213162,C6,C,6,3,percentage
29,484,3,0.619834710744,C6,C,6,3,percentage
30,315,0,0.0,C6,C,6,3,percentage
31,190,0,0.0,C6,C,6,3,percentage
32,104,0,0.0,C6,C,6,3,percentage
33,50,0,0.0,C6,C,6,3,percentage
34,20,0,0.0,C6,C,6,3,percentage
35,6,0,0.0,C6,C,6,3,percentage
36,1,0,0.0,C6,C,6,3,percentage
0,1,0,0.0,D4,D,4,2,percentage
1,4,0,0.0,D4,D,4,2,percentage
2,9,0,0.0,D4,D,4,2,percentage
3,16,0,0.0,D4,D,4,2,percentage
4,23,0,0.0,D4,D,4,2,percentage
5,28,0,0.0,D4,D,4,2,percentage
6,30,0,0.0,D4,D,4,2,percentage
7,28,1,3.57142857143,D4,D,4,2,percentage
8,23,2,8.69565217392,D4,D,4,2,percentage
9,16,1,6.25,D4,D,4,2,percentage
10,9,0,0.0,D4,D,4,2,percentage
11,4,0,0.0,D4,D,4,2,percentage
12,1,0,0.0,D4,D,4,2,percentage
0,1,0,0.0,D5,D,5,2,percentage
1,5,0,0.0,D5,D,5,2,percentage
2,14,0,0.0,D5,D,5,2,percentage
3,30,0,0.0,D5,D,5,2,percentage
4,54,0,0.0,D5,D,5,2,percentage
5,85,0,0.0,D5,D,5,2,percentage
6,120,0,0.0,D5,D,5,2,percentage
7,155,1,0.645161290323,D5,D,5,2,percentage
8,185,4,2.16216216216,D5,D,5,2,percentage
9,205,8,3.90243902439,D5,D,5,2,percentage
10,212,10,4.71698113208,D5,D,5,2,percentage
11,205,14,6.82926829268,D5,D,5,2,percentage
12,185,14,7.56756756757,D5,D,5,2,percentage
13,155,11,7.09677419355,D5,D,5,2,percentage
14,120,8,6.66666666666,D5,D,5,2,percentage
15,85,9,10.5882352941,D5,D,5,2,percentage
16,54,6,11.1111111111,D5,D,5,2,percentage
17,30,2,6.66666666666,D5,D,5,2,percentage
18,14,0,0.0,D5,D,5,2,percentage
19,5,0,0.0,D5,D,5,2,percentage
20,1,0,0.0,D5,D,5,2,percentage
0,1,0,0.0,D6,D,6,2,percentage
1,6,0,0.0,D6,D,6,2,percentage
2,20,0,0.0,D6,D,6,2,percentage
3,50,0,0.0,D6,D,6,2,percentage
4,104,0,0.0,D6,D,6,2,percentage
5,190,0,0.0,D6,D,6,2,percentage
6,314,0,0.0,D6,D,6,2,percentage
7,478,1,0.209205020921,D6,D,6,2,percentage
8,679,5,0.736377025037,D6,D,6,2,percentage
9,908,14,1.54185022026,D6,D,6,2,percentage
10,1151,28,2.43266724587,D6,D,6,2,percentage
11,1390,51,3.6690647482,D6,D,6,2,percentage
12,1605,79,4.92211838006,D6,D,6,2,percentage
13,1776,109,6.13738738739,D6,D,6,2,percentage
14,1886,131,6.94591728526,D6,D,6,2,percentage
15,1924,152,7.90020790021,D6,D,6,2,percentage
16,1886,171,9.06680805939,D6,D,6,2,percentage
17,1776,208,11.7117117117,D6,D,6,2,percentage
18,1605,206,12.8348909657,D6,D,6,2,percentage
19,1390,193,13.8848920863,D6,D,6,2,percentage
20,1151,174,15.1172893136,D6,D,6,2,percentage
21,908,131,14.4273127753,D6,D,6,2,percentage
22,679,77,11.3402061856,D6,D,6,2,percentage
23,478,47,9.83263598326,D6,D,6,2,percentage
24,314,34,10.8280254777,D6,D,6,2,percentage
25,190,23,12.1052631579,D6,D,6,2,percentage
26,104,11,10.5769230769,D6,D,6,2,percentage
27,50,3,6.0,D6,D,6,2,percentage
28,20,0,0.0,D6,D,6,2,percentage
29,6,0,0.0,D6,D,6,2,percentage
30,1,0,0.0,D6,D,6,2,percentage
0,1,0,0.0,D6,D,6,3,percentage
1,6,0,0.0,D6,D,6,3,percentage
2,20,0,0.0,D6,D,6,3,percentage
3,50,0,0.0,D6,D,6,3,percentage
4,104,0,0.0,D6,D,6,3,percentage
5,190,0,0.0,D6,D,6,3,percentage
6,314,0,0.0,D6,D,6,3,percentage
7,478,0,0.0,D6,D,6,3,percentage
8,679,0,0.0,D6,D,6,3,percentage
9,908,0,0.0,D6,D,6,3,percentage
10,1151,0,0.0,D6,D,6,3,percentage
11,1390,0,0.0,D6,D,6,3,percentage
12,1605,0,0.0,D6,D,6,3,percentage
13,1776,0,0.0,D6,D,6,3,percentage
14,1886,0,0.0,D6,D,6,3,percentage
15,1924,0,0.0,D6,D,6,3,percentage
16,1886,0,0.0,D6,D,6,3,percentage
17,1776,0,0.0,D6,D,6,3,percentage
18,1605,0,0.0,D6,D,6,3,percentage
19,1390,1,0.0719424460432,D6,D,6,3,percentage
20,1151,2,0.173761946134,D6,D,6,3,percentage
21,908,1,0.11013215859,D6,D,6,3,percentage
22,679,0,0.0,D6,D,6,3,percentage
23,478,0,0.0,D6,D,6,3,percentage
24,314,0,0.0,D6,D,6,3,percentage
25,190,0,0.0,D6,D,6,3,percentage
26,104,0,0.0,D6,D,6,3,percentage
27,50,0,0.0,D6,D,6,3,percentage
28,20,0,0.0,D6,D,6,3,percentage
29,6,0,0.0,D6,D,6,3,percentage
30,1,0,0.0,D6,D,6,3,percentage
0,1,0,0.0,E6,E,6,2,percentage
1,6,0,0.0,E6,E,6,2,percentage
2,20,0,0.0,E6,E,6,2,percentage
3,50,0,0.0,E6,E,6,2,percentage
4,105,0,0.0,E6,E,6,2,percentage
5,195,0,0.0,E6,E,6,2,percentage
6,329,0,0.0,E6,E,6,2,percentage
7,514,1,0.194552529183,E6,E,6,2,percentage
8,754,6,0.79575596817,E6,E,6,2,percentage
9,1048,19,1.81297709924,E6,E,6,2,percentage
10,1389,40,2.87976961843,E6,E,6,2,percentage
11,1765,73,4.13597733711,E6,E,6,2,percentage
12,2159,118,5.46549328393,E6,E,6,2,percentage
13,2549,201,7.88544527266,E6,E,6,2,percentage
14,2911,258,8.86293369975,E6,E,6,2,percentage
15,3222,347,10.7697082557,E6,E,6,2,percentage
16,3461,436,12.597515169,E6,E,6,2,percentage
17,3611,516,14.2896704514,E6,E,6,2,percentage
18,3662,562,15.3468050246,E6,E,6,2,percentage
19,3611,657,18.1944059817,E6,E,6,2,percentage
20,3461,720,20.8032360589,E6,E,6,2,percentage
21,3222,792,24.5810055866,E6,E,6,2,percentage
22,2911,781,26.8292682927,E6,E,6,2,percentage
23,2549,726,28.481757552,E6,E,6,2,percentage
24,2159,583,27.0032422418,E6,E,6,2,percentage
25,1765,451,25.552407932,E6,E,6,2,percentage
26,1389,336,24.1900647948,E6,E,6,2,percentage
27,1048,246,23.4732824427,E6,E,6,2,percentage
28,754,159,21.0875331565,E6,E,6,2,percentage
29,514,92,17.8988326848,E6,E,6,2,percentage
30,329,57,17.3252279635,E6,E,6,2,percentage
31,195,41,21.0256410257,E6,E,6,2,percentage
32,105,20,19.0476190476,E6,E,6,2,percentage
33,50,5,10.0,E6,E,6,2,percentage
34,20,0,0.0,E6,E,6,2,percentage
35,6,0,0.0,E6,E,6,2,percentage
36,1,0,0.0,E6,E,6,2,percentage
0,1,0,0.0,E6,E,6,3,percentage
1,6,0,0.0,E6,E,6,3,percentage
2,20,0,0.0,E6,E,6,3,percentage
3,50,0,0.0,E6,E,6,3,percentage
4,105,0,0.0,E6,E,6,3,percentage
5,195,0,0.0,E6,E,6,3,percentage
6,329,0,0.0,E6,E,6,3,percentage
7,514,0,0.0,E6,E,6,3,percentage
8,754,0,0.0,E6,E,6,3,percentage
9,1048,0,0.0,E6,E,6,3,percentage
10,1389,0,0.0,E6,E,6,3,percentage
11,1765,0,0.0,E6,E,6,3,percentage
12,2159,0,0.0,E6,E,6,3,percentage
13,2549,4,0.156924284033,E6,E,6,3,percentage
14,2911,10,0.343524562006,E6,E,6,3,percentage
15,3222,19,0.589695841092,E6,E,6,3,percentage
16,3461,22,0.635654435135,E6,E,6,3,percentage
17,3611,50,1.38465798948,E6,E,6,3,percentage
18,3662,72,1.96613872201,E6,E,6,3,percentage
19,3611,121,3.35087233453,E6,E,6,3,percentage
20,3461,134,3.87171337764,E6,E,6,3,percentage
21,3222,139,4.31409062694,E6,E,6,3,percentage
22,2911,112,3.84747509447,E6,E,6,3,percentage
23,2549,95,3.72695174578,E6,E,6,3,percentage
24,2159,74,3.42751273738,E6,E,6,3,percentage
25,1765,62,3.51274787535,E6,E,6,3,percentage
26,1389,46,3.31173506119,E6,E,6,3,percentage
27,1048,32,3.0534351145,E6,E,6,3,percentage
28,754,20,2.6525198939,E6,E,6,3,percentage
29,514,11,2.14007782101,E6,E,6,3,percentage
30,329,4,1.21580547113,E6,E,6,3,percentage
31,195,1,0.51282051282,E6,E,6,3,percentage
32,105,0,0.0,E6,E,6,3,percentage
33,50,0,0.0,E6,E,6,3,percentage
34,20,0,0.0,E6,E,6,3,percentage
35,6,0,0.0,E6,E,6,3,percentage
36,1,0,0.0,E6,E,6,3,percentage
0,1,0,0.0,G2,G,2,2,percentage
1,2,0,0.0,G2,G,2,2,percentage
2,2,0,0.0,G2,G,2,2,percentage
3,2,0,0.0,G2,G,2,2,percentage
4,2,2,100.0,G2,G,2,2,percentage
5,2,2,100.0,G2,G,2,2,percentage
6,1,0,0.0,G2,G,2,2,percentage
0,1,0,0.0,G2,G,2,3,percentage
1,2,0,0.0,G2,G,2,3,percentage
2,2,0,0.0,G2,G,2,3,percentage
3,2,1,50.0,G2,G,2,3,percentage
4,2,0,0.0,G2,G,2,3,percentage
5,2,1,50.0,G2,G,2,3,percentage
6,1,0,0.0,G2,G,2,3,percentage
