ell,total,changed,percentage_changed,avg_support_size,max_support_size,avg_signed_mass_at_one,max_signed_mass_at_one,avg_abs_mass_at_one,max_abs_mass_at_one,avg_monomial_complexity,max_monomial_complexity,avg_max_abs_degree,max_max_abs_degree,avg_max_bruhat_depth,max_max_bruhat_depth,avg_degree_zero_ratio,degree_zero_only,genuinely_graded,avg_avg_abs_degree,max_avg_abs_degree,avg_weighted_abs_degree_mass,max_weighted_abs_degree_mass,mild,moderate,wild,type,family,rank,prime
0,1,0,0.0,0.0,0,0.0,0,0.0,0,0.0,0,0.0,0,0.0,0,0.0,0,0,0.0,0.0,0.0,0,0,0,0,A7,A,7,2
1,7,0,0.0,0.0,0,0.0,0,0.0,0,0.0,0,0.0,0,0.0,0,0.0,0,0,0.0,0.0,0.0,0,0,0,0,A7,A,7,2
2,27,0,0.0,0.0,0,0.0,0,0.0,0,0.0,0,0.0,0,0.0,0,0.0,0,0,0.0,0.0,0.0,0,0,0,0,A7,A,7,2
3,76,0,0.0,0.0,0,0.0,0,0.0,0,0.0,0,0.0,0,0.0,0,0.0,0,0,0.0,0.0,0.0,0,0,0,0,A7,A,7,2
4,174,0,0.0,0.0,0,0.0,0,0.0,0,0.0,0,0.0,0,0.0,0,0.0,0,0,0.0,0.0,0.0,0,0,0,0,A7,A,7,2
5,343,0,0.0,0.0,0,0.0,0,0.0,0,0.0,0,0.0,0,0.0,0,0.0,0,0,0.0,0.0,0.0,0,0,0,0,A7,A,7,2
6,602,0,0.0,0.0,0,0.0,0,0.0,0,0.0,0,0.0,0,0.0,0,0.0,0,0,0.0,0.0,0.0,0,0,0,0,A7,A,7,2
7,961,0,0.0,0.0,0,0.0,0,0.0,0,0.0,0,0.0,0,0.0,0,0.0,0,0,0.0,0.0,0.0,0,0,0,0,A7,A,7,2
8,1415,0,0.0,0.0,0,0.0,0,0.0,0,0.0,0,0.0,0,0.0,0,0.0,0,0,0.0,0.0,0.0,0,0,0,0,A7,A,7,2
9,1940,0,0.0,0.0,0,0.0,0,0.0,0,0.0,0,0.0,0,0.0,0,0.0,0,0,0.0,0.0,0.0,0,0,0,0,A7,A,7,2
10,2493,0,0.0,0.0,0,0.0,0,0.0,0,0.0,0,0.0,0,0.0,0,0.0,0,0,0.0,0.0,0.0,0,0,0,0,A7,A,7,2
11,3017,0,0.0,0.0,0,0.0,0,0.0,0,0.0,0,0.0,0,0.0,0,0.0,0,0,0.0,0.0,0.0,0,0,0,0,A7,A,7,2
12,3450,0,0.0,0.0,0,0.0,0,0.0,0,0.0,0,0.0,0,0.0,0,0.0,0,0,0.0,0.0,0.0,0,0,0,0,A7,A,7,2
13,3736,0,0.0,0.0,0,0.0,0,0.0,0,0.0,0,0.0,0,0.0,0,0.0,0,0,0.0,0.0,0.0,0,0,0,0,A7,A,7,2
14,3836,1,0.0260688216893,1.0,1,1.0,1,1.0,1,1.0,1,0.0,0,8.0,8,1.0,1,0,0.0,0.0,0.0,0,1,0,0,A7,A,7,2
15,3736,2,0.0535331905782,1.0,1,1.0,1,1.0,1,1.0,1,0.0,0,8.0,8,1.0,2,0,0.0,0.0,0.0,0,2,0,0,A7,A,7,2
16,3450,2,0.0579710144928,1.5,2,1.5,2,1.5,2,1.5,2,0.0,0,8.0,8,1.0,2,0,0.0,0.0,0.0,0,1,1,0,A7,A,7,2
17,3017,8,0.265164070268,1.0,1,1.0,1,1.0,1,1.0,1,0.0,0,8.0,8,1.0,8,0,0.0,0.0,0.0,0,8,0,0,A7,A,7,2
18,2493,14,0.561572402728,1.0,1,1.0,1,1.0,1,1.0,1,0.0,0,8.0,8,1.0,14,0,0.0,0.0,0.0,0,14,0,0,A7,A,7,2
19,1940,6,0.309278350515,1.33333333333,2,1.33333333333,2,1.33333333333,2,1.33333333333,2,0.0,0,8.0,8,1.0,6,0,0.0,0.0,0.0,0,4,2,0,A7,A,7,2
20,1415,2,0.141342756184,1.5,2,1.5,2,1.5,2,1.5,2,0.0,0,8.0,8,1.0,2,0,0.0,0.0,0.0,0,1,1,0,A7,A,7,2
21,961,2,0.208116545265,1.0,1,1.0,1,1.0,1,1.0,1,0.0,0,8.0,8,1.0,2,0,0.0,0.0,0.0,0,2,0,0,A7,A,7,2
22,602,1,0.166112956811,1.0,1,1.0,1,1.0,1,1.0,1,0.0,0,8.0,8,1.0,1,0,0.0,0.0,0.0,0,1,0,0,A7,A,7,2
23,343,0,0.0,0.0,0,0.0,0,0.0,0,0.0,0,0.0,0,0.0,0,0.0,0,0,0.0,0.0,0.0,0,0,0,0,A7,A,7,2
24,174,0,0.0,0.0,0,0.0,0,0.0,0,0.0,0,0.0,0,0.0,0,0.0,0,0,0.0,0.0,0.0,0,0,0,0,A7,A,7,2
25,76,0,0.0,0.0,0,0.0,0,0.0,0,0.0,0,0.0,0,0.0,0,0.0,0,0,0.0,0.0,0.0,0,0,0,0,A7,A,7,2
26,27,0,0.0,0.0,0,0.0,0,0.0,0,0.0,0,0.0,0,0.0,0,0.0,0,0,0.0,0.0,0.0,0,0,0,0,A7,A,7,2
27,7,0,0.0,0.0,0,0.0,0,0.0,0,0.0,0,0.0,0,0.0,0,0.0,0,0,0.0,0.0,0.0,0,0,0,0,A7,A,7,2
28,1,0,0.0,0.0,0,0.0,0,0.0,0,0.0,0,0.0,0,0.0,0,0.0,0,0,0.0,0.0,0.0,0,0,0,0,A7,A,7,2
0,1,0,0.0,0.0,0,0.0,0,0.0,0,0.0,0,0.0,0,0.0,0,0.0,0,0,0.0,0.0,0.0,0,0,0,0,B2,B,2,2
1,2,0,0.0,0.0,0,0.0,0,0.0,0,0.0,0,0.0,0,0.0,0,0.0,0,0,0.0,0.0,0.0,0,0,0,0,B2,B,2,2
2,2,0,0.0,0.0,0,0.0,0,0.0,0,0.0,0,0.0,0,0.0,0,0.0,0,0,0.0,0.0,0.0,0,0,0,0,B2,B,2,2
3,2,1,50.0,1.0,1,1.0,1,1.0,1,1.0,1,0.0,0,2.0,2,1.0,1,0,0.0,0.0,0.0,0,1,0,0,B2,B,2,2
4,1,0,0.0,0.0,0,0.0,0,0.0,0,0.0,0,0.0,0,0.0,0,0.0,0,0,0.0,0.0,0.0,0,0,0,0,B2,B,2,2
0,1,0,0.0,0.0,0,0.0,0,0.0,0,0.0,0,0.0,0,0.0,0,0.0,0,0,0.0,0.0,0.0,0,0,0,0,B3,B,3,2
1,3,0,0.0,0.0,0,0.0,0,0.0,0,0.0,0,0.0,0,0.0,0,0.0,0,0,0.0,0.0,0.0,0,0,0,0,B3,B,3,2
2,5,0,0.0,0.0,0,0.0,0,0.0,0,0.0,0,0.0,0,0.0,0,0.0,0,0,0.0,0.0,0.0,0,0,0,0,B3,B,3,2
3,7,1,14.2857142857,1.0,1,1.0,1,1.0,1,1.0,1,0.0,0,2.0,2,1.0,1,0,0.0,0.0,0.0,0,1,0,0,B3,B,3,2
4,8,2,25.0,1.0,1,1.0,1,1.0,1,1.0,1,0.0,0,2.0,2,1.0,2,0,0.0,0.0,0.0,0,2,0,0,B3,B,3,2
5,8,2,25.0,1.0,1,1.0,1,1.0,1,1.0,1,0.0,0,2.0,2,1.0,2,0,0.0,0.0,0.0,0,2,0,0,B3,B,3,2
6,7,1,14.2857142857,4.0,4,4.0,4,4.0,4,4.0,4,0.0,0,4.0,4,1.0,1,0,0.0,0.0,0.0,0,0,1,0,B3,B,3,2
7,5,2,40.0,1.0,1,1.0,1,1.0,1,1.0,1,0.0,0,2.0,2,1.0,2,0,0.0,0.0,0.0,0,2,0,0,B3,B,3,2
8,3,2,66.6666666666,1.0,1,1.0,1,1.0,1,1.0,1,0.0,0,3.0,4,1.0,2,0,0.0,0.0,0.0,0,2,0,0,B3,B,3,2
9,1,0,0.0,0.0,0,0.0,0,0.0,0,0.0,0,0.0,0,0.0,0,0.0,0,0,0.0,0.0,0.0,0,0,0,0,B3,B,3,2
0,1,0,0.0,0.0,0,0.0,0,0.0,0,0.0,0,0.0,0,0.0,0,0.0,0,0,0.0,0.0,0.0,0,0,0,0,B4,B,4,2
1,4,0,0.0,0.0,0,0.0,0,0.0,0,0.0,0,0.0,0,0.0,0,0.0,0,0,0.0,0.0,0.0,0,0,0,0,B4,B,4,2
2,9,0,0.0,0.0,0,0.0,0,0.0,0,0.0,0,0.0,0,0.0,0,0.0,0,0,0.0,0.0,0.0,0,0,0,0,B4,B,4,2
3,16,1,6.25,1.0,1,1.0,1,1.0,1,1.0,1,0.0,0,2.0,2,1.0,1,0,0.0,0.0,0.0,0,1,0,0,B4,B,4,2
4,24,3,12.5,1.0,1,1.0,1,1.0,1,1.0,1,0.0,0,2.0,2,1.0,3,0,0.0,0.0,0.0,0,3,0,0,B4,B,4,2
5,32,6,18.75,1.0,1,1.0,1,1.0,1,1.0,1,0.0,0,2.0,2,1.0,6,0,0.0,0.0,0.0,0,6,0,0,B4,B,4,2
6,39,8,20.5128205128,1.5,4,1.5,4,1.5,4,1.5,4,0.0,0,2.5,4,1.0,8,0,0.0,0.0,0.0,0,6,2,0,B4,B,4,2
7,44,10,22.7272727273,1.8,4,1.8,4,1.8,4,1.8,4,0.0,0,2.8,4,1.0,10,0,0.0,0.0,0.0,0,6,4,0,B4,B,4,2
8,46,12,26.0869565217,2.08333333333,6,2.08333333333,6,2.08333333333,6,2.08333333333,6,0.0,0,3.16666666667,6,1.0,12,0,0.0,0.0,0.0,0,8,2,2,B4,B,4,2
9,44,15,34.0909090909,1.93333333333,7,1.93333333333,7,1.93333333333,7,1.93333333333,7,0.0,0,3.2,6,1.0,15,0,0.0,0.0,0.0,0,11,2,2,B4,B,4,2
10,39,17,43.5897435897,2.11764705883,18,2.23529411765,19,2.23529411765,19,2.23529411765,19,0.117647058824,1,3.23529411765,8,0.934984520124,15,2,0.0650154798761,1.0,0.235294117647,2,13,3,1,B4,B,4,2
11,32,14,43.75,2.07142857143,5,2.21428571429,5,2.21428571429,5,2.21428571429,5,0.142857142857,1,4.14285714286,6,0.857142857143,12,2,0.142857142857,1.0,0.285714285714,2,5,9,0,B4,B,4,2
12,24,8,33.3333333333,3.0,6,3.125,6,3.125,6,3.125,6,0.125,1,4.875,6,0.875,7,1,0.125,1.0,0.25,2,1,5,2,B4,B,4,2
13,16,6,37.5,2.83333333333,9,2.83333333333,9,2.83333333333,9,2.83333333333,9,0.0,0,4.0,8,1.0,6,0,0.0,0.0,0.0,0,4,1,1,B4,B,4,2
14,9,5,55.5555555556,1.0,1,1.0,1,1.0,1,1.0,1,0.0,0,2.8,4,1.0,5,0,0.0,0.0,0.0,0,5,0,0,B4,B,4,2
15,4,3,75.0,1.0,1,1.0,1,1.0,1,1.0,1,0.0,0,4.0,6,1.0,3,0,0.0,0.0,0.0,0,3,0,0,B4,B,4,2
16,1,0,0.0,0.0,0,0.0,0,0.0,0,0.0,0,0.0,0,0.0,0,0.0,0,0,0.0,0.0,0.0,0,0,0,0,B4,B,4,2
0,1,0,0.0,0.0,0,0.0,0,0.0,0,0.0,0,0.0,0,0.0,0,0.0,0,0,0.0,0.0,0.0,0,0,0,0,B5,B,5,2
1,5,0,0.0,0.0,0,0.0,0,0.0,0,0.0,0,0.0,0,0.0,0,0.0,0,0,0.0,0.0,0.0,0,0,0,0,B5,B,5,2
2,14,0,0.0,0.0,0,0.0,0,0.0,0,0.0,0,0.0,0,0.0,0,0.0,0,0,0.0,0.0,0.0,0,0,0,0,B5,B,5,2
3,30,1,3.33333333333,1.0,1,1.0,1,1.0,1,1.0,1,0.0,0,2.0,2,1.0,1,0,0.0,0.0,0.0,0,1,0,0,B5,B,5,2
4,54,4,7.40740740741,1.0,1,1.0,1,1.0,1,1.0,1,0.0,0,2.0,2,1.0,4,0,0.0,0.0,0.0,0,4,0,0,B5,B,5,2
5,86,10,11.6279069767,1.0,1,1.0,1,1.0,1,1.0,1,0.0,0,2.0,2,1.0,10,0,0.0,0.0,0.0,0,10,0,0,B5,B,5,2
6,125,19,15.2,1.21052631579,4,1.21052631579,4,1.21052631579,4,1.21052631579,4,0.0,0,2.21052631579,4,1.0,19,0,0.0,0.0,0.0,0,17,2,0,B5,B,5,2
7,169,31,18.3431952663,1.41935483871,4,1.41935483871,4,1.41935483871,4,1.41935483871,4,0.0,0,2.45161290323,4,1.0,31,0,0.0,0.0,0.0,0,24,7,0,B5,B,5,2
8,215,45,20.9302325581,1.73333333333,6,1.73333333333,6,1.73333333333,6,1.73333333333,6,0.0,0,2.75555555556,6,1.0,45,0,0.0,0.0,0.0,0,31,12,2,B5,B,5,2
9,259,62,23.9382239382,1.96774193548,7,1.96774193548,7,1.96774193548,7,1.96774193548,7,0.0,0,3.0,6,1.0,62,0,0.0,0.0,0.0,0,41,15,6,B5,B,5,2
10,297,84,28.2828282828,2.22619047619,18,2.25,19,2.25,19,2.25,19,0.0238095238095,1,3.27380952381,8,0.986842105263,82,2,0.0131578947368,1.0,0.047619047619,2,55,20,9,B5,B,5,2
11,325,107,32.9230769231,2.42990654206,18,2.4953271028,19,2.4953271028,19,2.4953271028,19,0.0654205607476,1,3.64485981308,8,0.959314173283,100,7,0.0406858267164,1.0,0.130841121495,2,62,36,9,B5,B,5,2
12,340,124,36.4705882353,2.67741935484,25,2.8064516129,27,2.8064516129,27,2.8064516129,27,0.104838709677,1,4.01612903226,8,0.929956156711,111,13,0.0700438432885,1.0,0.258064516129,4,61,52,11,B5,B,5,2
13,340,133,39.1176470588,3.06015037594,36,3.23308270677,41,3.23308270677,41,3.21804511278,40,0.0977443609023,1,4.52631578947,10,0.921194338395,120,13,0.0788056616042,1.0,0.315789473684,8,51,66,16,B5,B,5,2
14,325,134,41.2307692308,3.41791044776,48,3.67164179105,56,3.67164179105,56,3.64179104477,54,0.111940298507,1,4.81343283582,10,0.913717128642,119,15,0.0862828713575,1.0,0.44776119403,12,50,61,23,B5,B,5,2
15,297,128,43.0976430976,4.03125,101,4.484375,140,4.484375,140,4.34375,122,0.1171875,2,5.28125,12,0.921465773809,114,14,0.0787574404762,1.0,0.625,42,54,43,31,B5,B,5,2
16,259,117,45.1737451737,4.06837606838,24,4.37606837607,26,4.37606837607,26,4.37606837607,26,0.17094017094,1,5.38461538462,10,0.925598444662,97,20,0.074401555338,1.0,0.615384615385,10,58,29,30,B5,B,5,2
17,215,105,48.8372093023,4.29523809524,33,4.68571428571,34,4.68571428571,34,4.67619047619,34,0.180952380952,2,5.41904761905,12,0.919488441841,87,18,0.0824163200634,1.0,0.761904761905,10,56,24,25,B5,B,5,2
18,169,90,53.2544378698,4.3,45,4.73333333333,51,4.73333333333,51,4.68888888889,50,0.166666666667,2,5.52222222222,12,0.904829810713,77,13,0.0988738929914,1.0,0.777777777777,12,40,33,17,B5,B,5,2
19,125,65,52.0,4.27692307693,67,4.87692307692,87,4.87692307692,87,4.76923076923,81,0.215384615385,2,5.72307692307,14,0.855046601916,53,12,0.147230144326,1.0,0.984615384616,28,23,28,14,B5,B,5,2
20,86,40,46.511627907,3.8,20,4.0,21,4.0,21,4.0,21,0.2,1,5.9,12,0.845238095239,32,8,0.154761904762,1.0,0.4,2,10,22,8,B5,B,5,2
21,54,24,44.4444444444,3.58333333333,29,3.70833333333,30,3.70833333333,30,3.70833333333,30,0.125,1,5.25,14,0.913888888889,21,3,0.0861111111111,1.0,0.25,2,11,8,5,B5,B,5,2
22,30,15,50.0,2.26666666667,9,2.26666666667,9,2.26666666667,9,2.26666666667,9,0.0,0,4.26666666667,12,1.0,15,0,0.0,0.0,0.0,0,12,1,2,B5,B,5,2
23,14,9,64.2857142857,1.0,1,1.0,1,1.0,1,1.0,1,0.0,0,3.55555555555,6,1.0,9,0,0.0,0.0,0.0,0,9,0,0,B5,B,5,2
24,5,4,80.0,1.0,1,1.0,1,1.0,1,1.0,1,0.0,0,5.0,8,1.0,4,0,0.0,0.0,0.0,0,4,0,0,B5,B,5,2
25,1,0,0.0,0.0,0,0.0,0,0.0,0,0.0,0,0.0,0,0.0,0,0.0,0,0,0.0,0.0,0.0,0,0,0,0,B5,B,5,2
0,1,0,0.0,0.0,0,0.0,0,0.0,0,0.0,0,0.0,0,0.0,0,0.0,0,0,0.0,0.0,0.0,0,0,0,0,B6,B,6,2
1,6,0,0.0,0.0,0,0.0,0,0.0,0,0.0,0,0.0,0,0.0,0,0.0,0,0,0.0,0.0,0.0,0,0,0,0,B6,B,6,2
2,20,0,0.0,0.0,0,0.0,0,0.0,0,0.0,0,0.0,0,0.0,0,0.0,0,0,0.0,0.0,0.0,0,0,0,0,B6,B,6,2
3,50,1,2.0,1.0,1,1.0,1,1.0,1,1.0,1,0.0,0,2.0,2,1.0,1,0,0.0,0.0,0.0,0,1,0,0,B6,B,6,2
4,104,5,4.8076923077,1.0,1,1.0,1,1.0,1,1.0,1,0.0,0,2.0,2,1.0,5,0,0.0,0.0,0.0,0,5,0,0,B6,B,6,2
5,190,15,7.89473684211,1.0,1,1.0,1,1.0,1,1.0,1,0.0,0,2.0,2,1.0,15,0,0.0,0.0,0.0,0,15,0,0,B6,B,6,2
6,315,34,10.7936507937,1.11764705882,4,1.11764705882,4,1.11764705882,4,1.11764705882,4,0.0,0,2.11764705883,4,1.0,34,0,0.0,0.0,0.0,0,32,2,0,B6,B,6,2
7,484,66,13.6363636364,1.25757575758,4,1.25757575758,4,1.25757575758,4,1.25757575758,4,0.0,0,2.27272727273,4,1.0,66,0,0.0,0.0,0.0,0,57,9,0,B6,B,6,2
8,699,114,16.3090128755,1.44736842105,6,1.44736842105,6,1.44736842105,6,1.44736842105,6,0.0,0,2.47368421053,6,1.0,114,0,0.0,0.0,0.0,0,90,22,2,B6,B,6,2
9,958,181,18.8935281837,1.66298342541,7,1.66298342541,7,1.66298342541,7,1.66298342541,7,0.0,0,2.69613259668,6,1.0,181,0,0.0,0.0,0.0,0,132,41,8,B6,B,6,2
10,1255,272,21.6733067729,1.91544117647,18,1.92279411765,19,1.92279411765,19,1.92279411765,19,0.00735294117647,1,2.94485294117,8,0.995936532508,270,2,0.00406346749226,1.0,0.0147058823529,2,187,66,19,B6,B,6,2
11,1580,391,24.746835443,2.1841432225,18,2.20716112532,19,2.20716112532,19,2.20716112532,19,0.0230179028133,1,3.24552429668,8,0.986039266965,382,9,0.0139607330346,1.0,0.0460358056266,2,250,106,35,B6,B,6,2
12,1919,535,27.8791036998,2.45607476636,25,2.50841121495,27,2.50841121495,27,2.50841121495,27,0.0467289719626,1,3.55514018692,8,0.971229526197,510,25,0.0287704738039,1.0,0.104672897196,4,312,174,49,B6,B,6,2
13,2254,698,30.9671694765,2.81805157593,36,2.90687679083,41,2.90687679083,41,2.90401146132,40,0.0659025787966,1,3.93982808023,10,0.956529294492,652,46,0.0434707055082,1.0,0.171919770774,8,358,265,75,B6,B,6,2
14,2565,869,33.8791423002,3.16340621404,48,3.31070195627,56,3.31070195627,56,3.30149597238,54,0.0817031070195,1,4.28998849252,10,0.942941441771,798,71,0.0570585582285,1.0,0.276179516686,12,396,357,116,B6,B,6,2
15,2832,1035,36.5466101695,3.66376811594,101,3.89178743961,140,3.89178743961,140,3.85700483092,122,0.0946859903381,2,4.74685990338,12,0.933872419929,938,97,0.0661551853162,1.0,0.386473429952,42,427,442,166,B6,B,6,2
16,3037,1183,38.9529140599,4.19019442096,101,4.52916314455,140,4.52916314455,140,4.46830092984,122,0.115807269653,2,5.15046491969,12,0.927777106627,1048,135,0.0722711967175,1.0,0.556213017751,42,455,486,242,B6,B,6,2
17,3166,1308,41.3139608339,4.7622324159,143,5.23853211009,199,5.23853211009,199,5.13379204893,173,0.139908256881,2,5.5626911315,14,0.922704978793,1130,178,0.0775310287318,1.0,0.743119266055,60,505,482,321,B6,B,6,2
18,3210,1417,44.1433021807,5.43472124206,201,6.08821453775,306,6.08821453775,306,5.92307692308,249,0.164431898377,2,5.96753705011,14,0.920243020204,1194,223,0.0803968033663,1.0,0.990825688074,106,552,445,420,B6,B,6,2
19,3166,1484,46.8730259002,5.97641509434,279,6.82681940701,469,6.82681940701,469,6.61118598383,357,0.19204851752,2,6.23921832884,16,0.91149154205,1214,270,0.08961603157,1.0,1.29380053908,174,577,475,432,B6,B,6,2
20,3037,1501,49.4237734607,6.71152564957,396,7.83077948035,697,7.83077948035,697,7.49700199866,511,0.20253164557,2,6.63024650233,16,0.907742456282,1222,279,0.0945113826326,1.33333333333,1.6109260493,260,539,528,434,B6,B,6,2
21,2832,1461,51.5889830508,7.38535249829,733,9.02737850788,1701,9.02737850788,1701,8.41683778234,1026,0.232032854209,3,6.87405886379,18,0.895712246602,1158,303,0.107468189755,1.33333333333,2.2135523614,800,486,551,424,B6,B,6,2
22,2565,1373,53.5282651072,7.94173343045,150,9.44646758922,223,9.44646758922,223,9.0225782957,188,0.256372906045,3,7.2097596504,16,0.888356164983,1078,295,0.116961223763,1.33333333333,2.17042971595,76,436,513,424,B6,B,6,2
23,2254,1236,54.8358473824,8.64482200648,210,10.6221682848,321,10.6221682848,321,9.97653721683,267,0.283171521035,3,7.51213592233,16,0.876149960902,942,294,0.129726890767,1.33333333333,2.73300970874,126,380,449,407,B6,B,6,2
24,1919,1072,55.8624283481,9.25839552238,304,11.6296641791,551,11.6296641791,551,10.7192164179,415,0.300373134328,3,7.87779850746,18,0.873802550578,805,267,0.133110012929,1.33333333333,3.03731343284,246,342,339,391,B6,B,6,2
25,1580,887,56.1392405063,9.56820744081,428,12.4193912063,839,12.4193912063,839,11.2593010147,586,0.30214205186,3,8.09131905298,18,0.873613757619,667,220,0.132903598534,1.33333333333,3.68207440812,384,296,242,349,B6,B,6,2
26,1255,704,56.0956175299,9.56534090909,606,12.4744318182,1334,12.4744318182,1334,11.2102272727,827,0.309659090909,3,8.27556818182,20,0.882813325384,530,174,0.124289440766,1.33333333333,3.60511363636,596,249,185,270,B6,B,6,2
27,958,541,56.4718162839,8.74121996303,159,10.8946395564,249,10.8946395564,249,10.1959334566,194,0.306839186691,3,8.30314232902,20,0.887146804342,411,130,0.121489193933,1.12781954887,3.11275415896,150,189,157,195,B6,B,6,2
28,699,399,57.0815450644,8.43358395989,221,10.5789473684,369,10.5789473684,369,9.79699248121,278,0.278195488722,3,8.29072681704,20,0.885135251994,312,87,0.124441602081,1.0,2.89724310777,148,133,137,129,B6,B,6,2
29,484,273,56.4049586777,7.72161172161,357,9.78388278389,670,9.78388278389,670,8.95604395604,478,0.249084249084,3,8.24542124542,22,0.866346959262,217,56,0.140078972705,1.0,2.76923076923,324,83,100,90,B6,B,6,2
30,315,169,53.6507936508,6.15976331361,119,7.03550295858,143,7.03550295858,143,6.88165680473,137,0.242603550296,2,7.89940828402,20,0.854830445831,133,36,0.148113201145,1.0,1.44378698225,66,56,66,47,B6,B,6,2
31,190,98,51.5789473684,4.65306122449,32,4.85714285714,33,4.85714285714,33,4.85714285714,33,0.19387755102,1,6.9081632653,18,0.880786730276,79,19,0.119213269724,1.0,0.408163265306,4,42,34,22,B6,B,6,2
32,104,54,51.9230769231,3.66666666667,43,3.77777777778,44,3.77777777778,44,3.77777777778,44,0.111111111111,1,5.61111111111,20,0.940824915825,48,6,0.0591750841751,1.0,0.222222222222,2,34,11,9,B6,B,6,2
33,50,29,58.0,1.93103448276,9,1.93103448276,9,1.93103448276,9,1.93103448276,9,0.0,0,4.62068965517,16,1.0,29,0,0.0,0.0,0.0,0,25,1,3,B6,B,6,2
34,20,14,70.0,1.0,1,1.0,1,1.0,1,1.0,1,0.0,0,4.28571428572,8,1.0,14,0,0.0,0.0,0.0,0,14,0,0,B6,B,6,2
35,6,5,83.3333333334,1.0,1,1.0,1,1.0,1,1.0,1,0.0,0,6.0,10,1.0,5,0,0.0,0.0,0.0,0,5,0,0,B6,B,6,2
36,1,0,0.0,0.0,0,0.0,0,0.0,0,0.0,0,0.0,0,0.0,0,0.0,0,0,0.0,0.0,0.0,0,0,0,0,B6,B,6,2
0,1,0,0.0,0.0,0,0.0,0,0.0,0,0.0,0,0.0,0,0.0,0,0.0,0,0,0.0,0.0,0.0,0,0,0,0,B6,B,6,3
1,6,0,0.0,0.0,0,0.0,0,0.0,0,0.0,0,0.0,0,0.0,0,0.0,0,0,0.0,0.0,0.0,0,0,0,0,B6,B,6,3
2,20,0,0.0,0.0,0,0.0,0,0.0,0,0.0,0,0.0,0,0.0,0,0.0,0,0,0.0,0.0,0.0,0,0,0,0,B6,B,6,3
3,50,0,0.0,0.0,0,0.0,0,0.0,0,0.0,0,0.0,0,0.0,0,0.0,0,0,0.0,0.0,0.0,0,0,0,0,B6,B,6,3
4,104,0,0.0,0.0,0,0.0,0,0.0,0,0.0,0,0.0,0,0.0,0,0.0,0,0,0.0,0.0,0.0,0,0,0,0,B6,B,6,3
5,190,0,0.0,0.0,0,0.0,0,0.0,0,0.0,0,0.0,0,0.0,0,0.0,0,0,0.0,0.0,0.0,0,0,0,0,B6,B,6,3
6,315,0,0.0,0.0,0,0.0,0,0.0,0,0.0,0,0.0,0,0.0,0,0.0,0,0,0.0,0.0,0.0,0,0,0,0,B6,B,6,3
7,484,0,0.0,0.0,0,0.0,0,0.0,0,0.0,0,0.0,0,0.0,0,0.0,0,0,0.0,0.0,0.0,0,0,0,0,B6,B,6,3
8,699,0,0.0,0.0,0,0.0,0,0.0,0,0.0,0,0.0,0,0.0,0,0.0,0,0,0.0,0.0,0.0,0,0,0,0,B6,B,6,3
9,958,0,0.0,0.0,0,0.0,0,0.0,0,0.0,0,0.0,0,0.0,0,0.0,0,0,0.0,0.0,0.0,0,0,0,0,B6,B,6,3
10,1255,0,0.0,0.0,0,0.0,0,0.0,0,0.0,0,0.0,0,0.0,0,0.0,0,0,0.0,0.0,0.0,0,0,0,0,B6,B,6,3
11,1580,0,0.0,0.0,0,0.0,0,0.0,0,0.0,0,0.0,0,0.0,0,0.0,0,0,0.0,0.0,0.0,0,0,0,0,B6,B,6,3
12,1919,0,0.0,0.0,0,0.0,0,0.0,0,0.0,0,0.0,0,0.0,0,0.0,0,0,0.0,0.0,0.0,0,0,0,0,B6,B,6,3
13,2254,0,0.0,0.0,0,0.0,0,0.0,0,0.0,0,0.0,0,0.0,0,0.0,0,0,0.0,0.0,0.0,0,0,0,0,B6,B,6,3
14,2565,0,0.0,0.0,0,0.0,0,0.0,0,0.0,0,0.0,0,0.0,0,0.0,0,0,0.0,0.0,0.0,0,0,0,0,B6,B,6,3
15,2832,3,0.10593220339,1.0,1,1.0,1,1.0,1,1.0,1,0.0,0,8.0,8,1.0,3,0,0.0,0.0,0.0,0,3,0,0,B6,B,6,3
16,3037,4,0.13170892328,1.0,1,1.0,1,1.0,1,1.0,1,0.0,0,8.0,8,1.0,4,0,0.0,0.0,0.0,0,4,0,0,B6,B,6,3
17,3166,8,0.252684775742,1.0,1,1.0,1,1.0,1,1.0,1,0.0,0,8.25,10,1.0,8,0,0.0,0.0,0.0,0,8,0,0,B6,B,6,3
18,3210,8,0.249221183801,1.5,2,1.5,2,1.5,2,1.5,2,0.0,0,9.0,10,1.0,8,0,0.0,0.0,0.0,0,4,4,0,B6,B,6,3
19,3166,8,0.252684775742,1.375,4,1.375,4,1.375,4,1.375,4,0.0,0,9.25,12,1.0,8,0,0.0,0.0,0.0,0,7,1,0,B6,B,6,3
20,3037,19,0.625617385578,1.21052631579,2,1.21052631579,2,1.21052631579,2,1.21052631579,2,0.0,0,9.15789473684,12,1.0,19,0,0.0,0.0,0.0,0,15,4,0,B6,B,6,3
21,2832,23,0.812146892656,1.52173913043,3,1.52173913043,3,1.52173913043,3,1.52173913043,3,0.0,0,9.56521739131,12,1.0,23,0,0.0,0.0,0.0,0,13,10,0,B6,B,6,3
22,2565,24,0.93567251462,1.875,6,1.91666666667,7,1.91666666667,7,1.875,6,0.0,0,9.58333333333,12,1.0,24,0,0.0,0.0,0.0,0,15,6,3,B6,B,6,3
23,2254,26,1.15350488021,1.76923076923,10,1.84615384615,11,1.84615384615,11,1.76923076923,10,0.0,0,9.23076923077,12,1.0,26,0,0.0,0.0,0.0,0,22,2,2,B6,B,6,3
24,1919,31,1.61542470037,1.8064516129,17,1.83870967742,18,1.83870967742,18,1.8064516129,17,0.0,0,10.1290322581,14,1.0,31,0,0.0,0.0,0.0,0,21,9,1,B6,B,6,3
25,1580,23,1.45569620253,1.4347826087,2,1.4347826087,2,1.4347826087,2,1.4347826087,2,0.0,0,10.6086956522,12,1.0,23,0,0.0,0.0,0.0,0,13,10,0,B6,B,6,3
26,1255,16,1.27490039841,1.75,4,1.75,4,1.75,4,1.75,4,0.0,0,10.75,14,1.0,16,0,0.0,0.0,0.0,0,8,8,0,B6,B,6,3
27,958,10,1.04384133612,1.5,4,1.5,4,1.5,4,1.5,4,0.0,0,9.8,12,1.0,10,0,0.0,0.0,0.0,0,7,3,0,B6,B,6,3
28,699,8,1.14449213162,1.25,2,1.25,2,1.25,2,1.25,2,0.0,0,9.5,12,1.0,8,0,0.0,0.0,0.0,0,6,2,0,B6,B,6,3
29,484,3,0.619834710744,1.66666666667,2,1.66666666667,2,1.66666666667,2,1.66666666667,2,0.0,0,10.0,12,1.0,3,0,0.0,0.0,0.0,0,1,2,0,B6,B,6,3
30,315,0,0.0,0.0,0,0.0,0,0.0,0,0.0,0,0.0,0,0.0,0,0.0,0,0,0.0,0.0,0.0,0,0,0,0,B6,B,6,3
31,190,0,0.0,0.0,0,0.0,0,0.0,0,0.0,0,0.0,0,0.0,0,0.0,0,0,0.0,0.0,0.0,0,0,0,0,B6,B,6,3
32,104,0,0.0,0.0,0,0.0,0,0.0,0,0.0,0,0.0,0,0.0,0,0.0,0,0,0.0,0.0,0.0,0,0,0,0,B6,B,6,3
33,50,0,0.0,0.0,0,0.0,0,0.0,0,0.0,0,0.0,0,0.0,0,0.0,0,0,0.0,0.0,0.0,0,0,0,0,B6,B,6,3
34,20,0,0.0,0.0,0,0.0,0,0.0,0,0.0,0,0.0,0,0.0,0,0.0,0,0,0.0,0.0,0.0,0,0,0,0,B6,B,6,3
35,6,0,0.0,0.0,0,0.0,0,0.0,0,0.0,0,0.0,0,0.0,0,0.0,0,0,0.0,0.0,0.0,0,0,0,0,B6,B,6,3
36,1,0,0.0,0.0,0,0.0,0,0.0,0,0.0,0,0.0,0,0.0,0,0.0,0,0,0.0,0.0,0.0,0,0,0,0,B6,B,6,3
0,1,0,0.0,0.0,0,0.0,0,0.0,0,0.0,0,0.0,0,0.0,0,0.0,0,0,0.0,0.0,0.0,0,0,0,0,C2,C,2,2
1,2,0,0.0,0.0,0,0.0,0,0.0,0,0.0,0,0.0,0,0.0,0,0.0,0,0,0.0,0.0,0.0,0,0,0,0,C2,C,2,2
2,2,0,0.0,0.0,0,0.0,0,0.0,0,0.0,0,0.0,0,0.0,0,0.0,0,0,0.0,0.0,0.0,0,0,0,0,C2,C,2,2
3,2,1,50.0,1.0,1,1.0,1,1.0,1,1.0,1,0.0,0,2.0,2,1.0,1,0,0.0,0.0,0.0,0,1,0,0,C2,C,2,2
4,1,0,0.0,0.0,0,0.0,0,0.0,0,0.0,0,0.0,0,0.0,0,0.0,0,0,0.0,0.0,0.0,0,0,0,0,C2,C,2,2
0,1,0,0.0,0.0,0,0.0,0,0.0,0,0.0,0,0.0,0,0.0,0,0.0,0,0,0.0,0.0,0.0,0,0,0,0,C3,C,3,2
1,3,0,0.0,0.0,0,0.0,0,0.0,0,0.0,0,0.0,0,0.0,0,0.0,0,0,0.0,0.0,0.0,0,0,0,0,C3,C,3,2
2,5,0,0.0,0.0,0,0.0,0,0.0,0,0.0,0,0.0,0,0.0,0,0.0,0,0,0.0,0.0,0.0,0,0,0,0,C3,C,3,2
3,7,1,14.2857142857,1.0,1,1.0,1,1.0,1,1.0,1,0.0,0,2.0,2,1.0,1,0,0.0,0.0,0.0,0,1,0,0,C3,C,3,2
4,8,2,25.0,1.0,1,1.0,1,1.0,1,1.0,1,0.0,0,2.0,2,1.0,2,0,0.0,0.0,0.0,0,2,0,0,C3,C,3,2
5,8,3,37.5,1.33333333333,2,1.33333333333,2,1.33333333333,2,1.33333333333,2,0.0,0,2.66666666667,4,1.0,3,0,0.0,0.0,0.0,0,2,1,0,C3,C,3,2
6,7,3,42.8571428572,1.0,1,1.33333333333,2,1.33333333333,2,1.33333333333,2,0.333333333333,1,2.33333333333,3,0.666666666667,2,1,0.333333333333,1.0,0.666666666667,2,2,1,0,C3,C,3,2
7,5,1,20.0,3.0,3,3.0,3,3.0,3,3.0,3,0.0,0,4.0,4,1.0,1,0,0.0,0.0,0.0,0,0,1,0,C3,C,3,2
8,3,1,33.3333333333,1.0,1,1.0,1,1.0,1,1.0,1,0.0,0,2.0,2,1.0,1,0,0.0,0.0,0.0,0,1,0,0,C3,C,3,2
9,1,0,0.0,0.0,0,0.0,0,0.0,0,0.0,0,0.0,0,0.0,0,0.0,0,0,0.0,0.0,0.0,0,0,0,0,C3,C,3,2
0,1,0,0.0,0.0,0,0.0,0,0.0,0,0.0,0,0.0,0,0.0,0,0.0,0,0,0.0,0.0,0.0,0,0,0,0,C4,C,4,2
1,4,0,0.0,0.0,0,0.0,0,0.0,0,0.0,0,0.0,0,0.0,0,0.0,0,0,0.0,0.0,0.0,0,0,0,0,C4,C,4,2
2,9,0,0.0,0.0,0,0.0,0,0.0,0,0.0,0,0.0,0,0.0,0,0.0,0,0,0.0,0.0,0.0,0,0,0,0,C4,C,4,2
3,16,1,6.25,1.0,1,1.0,1,1.0,1,1.0,1,0.0,0,2.0,2,1.0,1,0,0.0,0.0,0.0,0,1,0,0,C4,C,4,2
4,24,3,12.5,1.0,1,1.0,1,1.0,1,1.0,1,0.0,0,2.0,2,1.0,3,0,0.0,0.0,0.0,0,3,0,0,C4,C,4,2
5,32,7,21.875,1.14285714286,2,1.14285714286,2,1.14285714286,2,1.14285714286,2,0.0,0,2.28571428571,4,1.0,7,0,0.0,0.0,0.0,0,6,1,0,C4,C,4,2
6,39,12,30.7692307692,1.16666666667,2,1.25,2,1.25,2,1.25,2,0.0833333333334,1,2.41666666667,4,0.916666666667,11,1,0.0833333333334,1.0,0.166666666667,2,9,3,0,C4,C,4,2
7,44,16,36.3636363636,1.5,3,1.625,3,1.625,3,1.625,3,0.125,1,3.0,6,0.875,14,2,0.125,1.0,0.25,2,8,8,0,C4,C,4,2
8,46,18,39.1304347826,1.61111111111,3,1.83333333333,3,1.83333333333,3,1.83333333333,3,0.222222222222,1,3.0,5,0.796296296297,14,4,0.203703703704,1.0,0.444444444444,2,8,10,0,C4,C,4,2
9,44,17,38.6363636364,2.0,5,2.35294117647,5,2.35294117647,5,2.35294117647,5,0.235294117647,1,3.29411764706,6,0.764705882353,13,4,0.235294117647,1.0,0.705882352941,4,8,9,0,C4,C,4,2
10,39,14,35.8974358974,2.42857142857,8,2.71428571429,8,2.71428571429,8,2.71428571429,8,0.285714285714,2,3.28571428571,6,0.809523809525,11,3,0.238095238095,1.33333333333,0.571428571428,4,6,6,2,C4,C,4,2
11,32,13,40.625,2.61538461538,14,3.0,15,3.0,15,3.0,15,0.230769230769,1,3.53846153846,8,0.866666666667,10,3,0.133333333333,0.8,0.76923076923,4,8,4,1,C4,C,4,2
12,24,10,41.6666666667,2.4,7,2.9,8,2.9,8,2.8,7,0.2,2,4.2,6,0.925,9,1,0.1,1.0,0.8,8,5,3,2,C4,C,4,2
13,16,5,31.25,2.8,3,3.2,4,3.2,4,3.2,4,0.2,1,5.4,7,0.8,4,1,0.2,1.0,0.8,4,0,5,0,C4,C,4,2
14,9,2,22.2222222222,4.0,7,4.0,7,4.0,7,4.0,7,0.0,0,5.0,8,1.0,2,0,0.0,0.0,0.0,0,1,0,1,C4,C,4,2
15,4,1,25.0,1.0,1,1.0,1,1.0,1,1.0,1,0.0,0,2.0,2,1.0,1,0,0.0,0.0,0.0,0,1,0,0,C4,C,4,2
16,1,0,0.0,0.0,0,0.0,0,0.0,0,0.0,0,0.0,0,0.0,0,0.0,0,0,0.0,0.0,0.0,0,0,0,0,C4,C,4,2
0,1,0,0.0,0.0,0,0.0,0,0.0,0,0.0,0,0.0,0,0.0,0,0.0,0,0,0.0,0.0,0.0,0,0,0,0,C5,C,5,2
1,5,0,0.0,0.0,0,0.0,0,0.0,0,0.0,0,0.0,0,0.0,0,0.0,0,0,0.0,0.0,0.0,0,0,0,0,C5,C,5,2
2,14,0,0.0,0.0,0,0.0,0,0.0,0,0.0,0,0.0,0,0.0,0,0.0,0,0,0.0,0.0,0.0,0,0,0,0,C5,C,5,2
3,30,1,3.33333333333,1.0,1,1.0,1,1.0,1,1.0,1,0.0,0,2.0,2,1.0,1,0,0.0,0.0,0.0,0,1,0,0,C5,C,5,2
4,54,4,7.40740740741,1.0,1,1.0,1,1.0,1,1.0,1,0.0,0,2.0,2,1.0,4,0,0.0,0.0,0.0,0,4,0,0,C5,C,5,2
5,86,11,12.7906976744,1.09090909091,2,1.09090909091,2,1.09090909091,2,1.09090909091,2,0.0,0,2.18181818182,4,1.0,11,0,0.0,0.0,0.0,0,10,1,0,C5,C,5,2
6,125,24,19.2,1.125,2,1.16666666667,2,1.16666666667,2,1.16666666667,2,0.0416666666667,1,2.29166666667,4,0.958333333333,23,1,0.0416666666667,1.0,0.0833333333334,2,20,4,0,C5,C,5,2
7,169,43,25.4437869822,1.27906976744,3,1.3488372093,3,1.3488372093,3,1.3488372093,3,0.0697674418604,1,2.58139534884,6,0.930232558139,40,3,0.0697674418604,1.0,0.139534883721,2,30,13,0,C5,C,5,2
8,215,67,31.1627906977,1.41791044776,3,1.53731343284,3,1.53731343284,3,1.53731343284,3,0.119402985075,1,2.80597014925,6,0.885572139303,59,8,0.114427860697,1.0,0.238805970149,2,39,28,0,C5,C,5,2
9,259,92,35.5212355212,1.65217391304,5,1.83695652174,5,1.83695652174,5,1.83695652174,5,0.163043478261,1,3.07608695652,8,0.84420289855,77,15,0.155797101449,1.0,0.369565217391,4,47,45,0,C5,C,5,2
10,297,114,38.3838383838,1.93859649123,8,2.19298245614,8,2.19298245614,8,2.19298245614,8,0.219298245614,2,3.30701754386,7,0.805555555556,90,24,0.200292397661,1.33333333333,0.508771929824,4,50,62,2,C5,C,5,2
11,325,131,40.3076923077,2.30534351145,14,2.6641221374,15,2.6641221374,15,2.6641221374,15,0.251908396946,2,3.64885496183,8,0.786259541985,100,31,0.223918575064,1.33333333333,0.717557251908,4,51,71,9,C5,C,5,2
12,340,142,41.7647058823,2.71126760563,14,3.16901408451,15,3.16901408451,15,3.16197183098,15,0.281690140845,2,4.02816901408,8,0.795422535211,107,35,0.223943661972,1.33333333333,0.901408450704,8,56,66,20,C5,C,5,2
13,340,145,42.6470588236,3.22068965517,21,3.78620689655,23,3.78620689655,23,3.76551724138,23,0.31724137931,2,4.35862068966,10,0.802707434162,107,38,0.224648887677,1.33333333333,1.08965517241,12,59,60,26,C5,C,5,2
14,325,144,44.3076923077,3.625,31,4.3125,35,4.3125,35,4.26388888889,34,0.319444444444,2,4.69444444445,10,0.824553571429,106,38,0.204298941799,1.33333333333,1.27777777778,14,61,43,40,C5,C,5,2
15,297,137,46.127946128,4.14598540146,55,4.99270072993,63,4.99270072993,63,4.92700729927,62,0.306569343066,3,5.16058394161,12,0.831844583069,103,34,0.192012338599,2.0,1.57664233577,14,48,64,25,C5,C,5,2
16,259,122,47.1042471043,4.31967213115,35,5.38524590164,38,5.38524590164,38,5.22131147541,37,0.311475409836,2,5.55737704918,12,0.840999956496,95,27,0.183977542699,1.14285714286,1.80327868853,28,43,49,30,C5,C,5,2
17,215,96,44.6511627907,4.80208333334,56,6.11458333334,66,6.11458333334,66,5.84375,62,0.364583333333,3,6.03125,12,0.804676226551,71,25,0.216946248196,1.45454545455,2.29166666667,36,23,43,30,C5,C,5,2
18,169,71,42.0118343195,5.64788732395,96,7.19718309859,132,7.19718309859,132,6.78873239437,115,0.422535211268,4,6.22535211268,14,0.812638397229,51,20,0.220238005573,1.6,2.39436619718,38,20,23,28,C5,C,5,2
19,125,48,38.4,5.47916666666,21,6.875,26,6.875,26,6.6875,23,0.458333333333,3,6.41666666666,12,0.819033673654,32,16,0.217252956383,1.71428571429,2.58333333333,30,15,8,25,C5,C,5,2
20,86,32,37.2093023256,5.4375,34,7.09375,45,7.09375,45,6.71875,41,0.375,2,6.1875,14,0.885049019607,25,7,0.148902894491,1.0,2.5625,16,12,8,12,C5,C,5,2
21,54,18,33.3333333333,4.83333333334,27,6.33333333334,31,6.33333333334,31,5.94444444445,31,0.277777777778,3,6.05555555555,11,0.887372484146,15,3,0.133995037221,1.15384615385,2.55555555555,30,6,5,7,C5,C,5,2
22,30,8,26.6666666667,3.875,15,4.125,15,4.125,15,4.125,15,0.125,1,5.375,12,0.875,7,1,0.125,1.0,0.5,4,2,5,1,C5,C,5,2
23,14,3,21.4285714286,3.0,7,3.0,7,3.0,7,3.0,7,0.0,0,4.0,8,1.0,3,0,0.0,0.0,0.0,0,2,0,1,C5,C,5,2
24,5,1,20.0,1.0,1,1.0,1,1.0,1,1.0,1,0.0,0,2.0,2,1.0,1,0,0.0,0.0,0.0,0,1,0,0,C5,C,5,2
25,1,0,0.0,0.0,0,0.0,0,0.0,0,0.0,0,0.0,0,0.0,0,0.0,0,0,0.0,0.0,0.0,0,0,0,0,C5,C,5,2
0,1,0,0.0,0.0,0,0.0,0,0.0,0,0.0,0,0.0,0,0.0,0,0.0,0,0,0.0,0.0,0.0,0,0,0,0,C6,C,6,2
1,6,0,0.0,0.0,0,0.0,0,0.0,0,0.0,0,0.0,0,0.0,0,0.0,0,0,0.0,0.0,0.0,0,0,0,0,C6,C,6,2
2,20,0,0.0,0.0,0,0.0,0,0.0,0,0.0,0,0.0,0,0.0,0,0.0,0,0,0.0,0.0,0.0,0,0,0,0,C6,C,6,2
3,50,1,2.0,1.0,1,1.0,1,1.0,1,1.0,1,0.0,0,2.0,2,1.0,1,0,0.0,0.0,0.0,0,1,0,0,C6,C,6,2
4,104,5,4.8076923077,1.0,1,1.0,1,1.0,1,1.0,1,0.0,0,2.0,2,1.0,5,0,0.0,0.0,0.0,0,5,0,0,C6,C,6,2
5,190,16,8.42105263157,1.0625,2,1.0625,2,1.0625,2,1.0625,2,0.0,0,2.125,4,1.0,16,0,0.0,0.0,0.0,0,15,1,0,C6,C,6,2
6,315,40,12.6984126984,1.1,2,1.125,2,1.125,2,1.125,2,0.025,1,2.225,4,0.975,39,1,0.025,1.0,0.05,2,35,5,0,C6,C,6,2
7,484,84,17.3553719008,1.19047619048,3,1.2380952381,3,1.2380952381,3,1.2380952381,3,0.047619047619,1,2.40476190476,6,0.952380952381,80,4,0.047619047619,1.0,0.0952380952381,2,66,18,0,C6,C,6,2
8,699,155,22.1745350501,1.29032258065,3,1.36774193548,3,1.36774193548,3,1.36774193548,3,0.0774193548388,1,2.58064516129,6,0.924731182797,143,12,0.0752688172043,1.0,0.154838709678,2,108,47,0,C6,C,6,2
9,958,257,26.8267223382,1.43190661479,5,1.5486381323,5,1.5486381323,5,1.5486381323,5,0.108949416342,1,2.7859922179,8,0.894941634241,229,28,0.105058365759,1.0,0.233463035019,4,159,98,0,C6,C,6,2
10,1255,389,30.9960159363,1.61953727506,8,1.78149100257,8,1.78149100257,8,1.78149100257,8,0.146529562982,2,3.00514138817,8,0.864181662382,333,56,0.137532133676,1.33333333333,0.323907455013,4,213,174,2,C6,C,6,2
11,1580,547,34.6202531646,1.86654478976,14,2.08957952468,15,2.08957952468,15,2.08957952468,15,0.18281535649,2,3.27056672761,10,0.836075563681,450,97,0.167580743449,1.33333333333,0.446069469835,4,265,271,11,C6,C,6,2
12,1919,722,37.6237623763,2.17313019391,14,2.47229916897,15,2.47229916897,15,2.47091412743,15,0.220221606648,2,3.59002770083,9,0.814104339796,572,150,0.193397968606,1.33333333333,0.595567867036,8,314,365,43,C6,C,6,2
13,2254,903,40.0621118012,2.56367663344,21,2.95681063123,23,2.95681063123,23,2.95238095238,23,0.254706533776,2,3.95127353267,10,0.798865903972,693,210,0.213555653798,1.33333333333,0.777408637874,12,362,446,95,C6,C,6,2
14,2565,1080,42.1052631579,3.025,31,3.53888888889,35,3.53888888889,35,3.52685185185,34,0.287962962963,2,4.30462962963,10,0.792864341889,806,274,0.225643153702,1.33333333333,1.0037037037,14,412,464,204,C6,C,6,2
15,2832,1246,43.9971751412,3.5481540931,55,4.20144462279,63,4.20144462279,63,4.17736757625,62,0.314606741573,3,4.67736757625,12,0.794176389907,912,334,0.229735800096,2.0,1.26003210273,14,452,507,287,C6,C,6,2
16,3037,1396,45.9664142246,4.1217765043,55,4.93982808023,63,4.93982808023,63,4.8946991404,62,0.333094555874,3,5.0759312321,12,0.800817030388,1015,381,0.227642346068,2.0,1.54871060172,28,493,525,378,C6,C,6,2
17,3166,1512,47.7574226153,4.74404761905,80,5.78306878307,92,5.78306878307,92,5.68981481482,91,0.349206349206,3,5.5,14,0.805757239697,1092,420,0.224236349771,2.0,1.91005291005,36,510,568,434,C6,C,6,2
18,3210,1581,49.2523364486,5.50221378874,114,6.84946236559,139,6.84946236559,139,6.67172675522,130,0.371916508539,4,5.97090449083,14,0.808680156803,1134,447,0.222263635255,2.0,2.38203668564,44,480,592,509,C6,C,6,2
19,3166,1595,50.3790271636,6.28902821316,197,8.0238244514,238,8.0238244514,238,7.72225705329,226,0.403134796238,4,6.43009404388,16,0.806890042722,1125,470,0.225196019049,2.0,2.97053291536,64,446,576,573,C6,C,6,2
20,3037,1569,51.6628251564,7.07966857871,142,9.2938177183,197,9.2938177183,197,8.81134480561,170,0.439133205864,4,6.96622052263,16,0.802871549795,1085,484,0.230225471129,2.0,3.62268961122,96,411,535,623,C6,C,6,2
21,2832,1466,51.7655367232,7.982946794,227,10.8206002729,353,10.8206002729,353,10.0791268758,283,0.487721691678,4,7.45225102319,16,0.793101531128,973,493,0.242232875759,2.4,4.48840381992,128,353,447,666,C6,C,6,2
22,2565,1331,51.8908382066,9.0015026296,300,12.5101427498,473,12.5101427498,473,11.4530428249,346,0.531930879039,4,7.92186326071,18,0.78447072789,853,478,0.253304807346,1.77777777778,5.4169797145,150,320,361,650,C6,C,6,2
23,2254,1143,50.7098491571,9.99475065617,447,14.2423447069,779,14.2423447069,779,12.8757655293,559,0.576552930884,4,8.14785651794,18,0.782350939217,706,437,0.261658721974,1.85714285714,6.41644794401,280,276,306,561,C6,C,6,2
24,1919,961,50.0781657113,11.1602497399,757,16.3475546306,1466,16.3475546306,1466,14.5192507804,974,0.597294484912,5,8.35691987514,20,0.785887986113,599,362,0.260433170953,2.10526315789,7.68574401665,624,249,227,485,C6,C,6,2
25,1580,785,49.6835443038,11.2585987261,416,16.8101910828,712,16.8101910828,712,14.8649681529,519,0.598726114649,6,8.4025477707,18,0.806594548181,516,269,0.24323499631,2.33333333333,8.24968152866,474,221,190,374,C6,C,6,2
26,1255,607,48.3665338645,11.9637561779,701,18.726523888,1448,18.726523888,1448,15.9703459638,938,0.599670510708,5,8.52553542009,20,0.812355053303,412,195,0.236397502128,2.33333333333,9.69686985173,626,159,162,286,C6,C,6,2
27,958,435,45.4070981211,11.7494252874,155,18.183908046,259,18.183908046,259,15.6528735632,203,0.613793103448,6,8.67126436782,20,0.814352639137,296,139,0.235089942473,1.90476190476,9.39310344828,134,102,121,212,C6,C,6,2
28,699,296,42.3462088698,12.0439189189,244,19.222972973,447,19.222972973,447,16.0439189189,326,0.594594594595,5,8.80405405405,20,0.812503395592,202,94,0.233209270982,1.93548387097,10.2432432432,198,73,71,152,C6,C,6,2
29,484,190,39.2561983471,11.4578947368,376,18.2157894737,793,18.2157894737,793,15.1,506,0.542105263158,6,8.9947368421,22,0.836503801811,134,56,0.210575826794,1.90476190476,9.34736842105,388,46,47,97,C6,C,6,2
30,315,111,35.2380952381,9.33333333333,92,14.009009009,164,14.009009009,164,12.2882882883,122,0.45045045045,5,8.85585585586,20,0.852875546554,83,28,0.18719696563,1.81818181818,7.4954954955,228,28,26,57,C6,C,6,2
31,190,62,32.6315789474,8.45161290323,101,11.935483871,145,11.935483871,145,10.7580645161,129,0.322580645161,4,8.16129032258,16,0.888726681944,51,11,0.14043278947,1.3,5.25806451613,104,22,8,32,C6,C,6,2
32,104,10,9.61538461539,2.0,3,2.0,3,2.0,3,2.0,3,0.0,0,3.8,6,1.0,10,0,0.0,0.0,0.0,0,5,5,0,C6,C,6,2
33,50,0,0.0,0.0,0,0.0,0,0.0,0,0.0,0,0.0,0,0.0,0,0.0,0,0,0.0,0.0,0.0,0,0,0,0,C6,C,6,2
34,20,0,0.0,0.0,0,0.0,0,0.0,0,0.0,0,0.0,0,0.0,0,0.0,0,0,0.0,0.0,0.0,0,0,0,0,C6,C,6,2
35,6,0,0.0,0.0,0,0.0,0,0.0,0,0.0,0,0.0,0,0.0,0,0.0,0,0,0.0,0.0,0.0,0,0,0,0,C6,C,6,2
36,1,0,0.0,0.0,0,0.0,0,0.0,0,0.0,0,0.0,0,0.0,0,0.0,0,0,0.0,0.0,0.0,0,0,0,0,C6,C,6,2
0,1,0,0.0,0.0,0,0.0,0,0.0,0,0.0,0,0.0,0,0.0,0,0.0,0,0,0.0,0.0,0.0,0,0,0,0,C6,C,6,3
1,6,0,0.0,0.0,0,0.0,0,0.0,0,0.0,0,0.0,0,0.0,0,0.0,0,0,0.0,0.0,0.0,0,0,0,0,C6,C,6,3
2,20,0,0.0,0.0,0,0.0,0,0.0,0,0.0,0,0.0,0,0.0,0,0.0,0,0,0.0,0.0,0.0,0,0,0,0,C6,C,6,3
3,50,0,0.0,0.0,0,0.0,0,0.0,0,0.0,0,0.0,0,0.0,0,0.0,0,0,0.0,0.0,0.0,0,0,0,0,C6,C,6,3
4,104,0,0.0,0.0,0,0.0,0,0.0,0,0.0,0,0.0,0,0.0,0,0.0,0,0,0.0,0.0,0.0,0,0,0,0,C6,C,6,3
5,190,0,0.0,0.0,0,0.0,0,0.0,0,0.0,0,0.0,0,0.0,0,0.0,0,0,0.0,0.0,0.0,0,0,0,0,C6,C,6,3
6,315,0,0.0,0.0,0,0.0,0,0.0,0,0.0,0,0.0,0,0.0,0,0.0,0,0,0.0,0.0,0.0,0,0,0,0,C6,C,6,3
7,484,0,0.0,0.0,0,0.0,0,0.0,0,0.0,0,0.0,0,0.0,0,0.0,0,0,0.0,0.0,0.0,0,0,0,0,C6,C,6,3
8,699,0,0.0,0.0,0,0.0,0,0.0,0,0.0,0,0.0,0,0.0,0,0.0,0,0,0.0,0.0,0.0,0,0,0,0,C6,C,6,3
9,958,0,0.0,0.0,0,0.0,0,0.0,0,0.0,0,0.0,0,0.0,0,0.0,0,0,0.0,0.0,0.0,0,0,0,0,C6,C,6,3
10,1255,0,0.0,0.0,0,0.0,0,0.0,0,0.0,0,0.0,0,0.0,0,0.0,0,0,0.0,0.0,0.0,0,0,0,0,C6,C,6,3
11,1580,0,0.0,0.0,0,0.0,0,0.0,0,0.0,0,0.0,0,0.0,0,0.0,0,0,0.0,0.0,0.0,0,0,0,0,C6,C,6,3
12,1919,0,0.0,0.0,0,0.0,0,0.0,0,0.0,0,0.0,0,0.0,0,0.0,0,0,0.0,0.0,0.0,0,0,0,0,C6,C,6,3
13,2254,0,0.0,0.0,0,0.0,0,0.0,0,0.0,0,0.0,0,0.0,0,0.0,0,0,0.0,0.0,0.0,0,0,0,0,C6,C,6,3
14,2565,0,0.0,0.0,0,0.0,0,0.0,0,0.0,0,0.0,0,0.0,0,0.0,0,0,0.0,0.0,0.0,0,0,0,0,C6,C,6,3
15,2832,3,0.10593220339,1.0,1,1.0,1,1.0,1,1.0,1,0.0,0,8.0,8,1.0,3,0,0.0,0.0,0.0,0,3,0,0,C6,C,6,3
16,3037,4,0.13170892328,1.0,1,1.0,1,1.0,1,1.0,1,0.0,0,8.0,8,1.0,4,0,0.0,0.0,0.0,0,4,0,0,C6,C,6,3
17,3166,8,0.252684775742,1.0,1,1.0,1,1.0,1,1.0,1,0.0,0,8.25,10,1.0,8,0,0.0,0.0,0.0,0,8,0,0,C6,C,6,3
18,3210,8,0.249221183801,1.5,2,1.5,2,1.5,2,1.5,2,0.0,0,9.0,10,1.0,8,0,0.0,0.0,0.0,0,4,4,0,C6,C,6,3
19,3166,8,0.252684775742,1.375,4,1.375,4,1.375,4,1.375,4,0.0,0,9.25,12,1.0,8,0,0.0,0.0,0.0,0,7,1,0,C6,C,6,3
20,3037,19,0.625617385578,1.21052631579,2,1.21052631579,2,1.21052631579,2,1.21052631579,2,0.0,0,9.15789473684,12,1.0,19,0,0.0,0.0,0.0,0,15,4,0,C6,C,6,3
21,2832,23,0.812146892656,1.52173913043,3,1.52173913043,3,1.52173913043,3,1.52173913043,3,0.0,0,9.56521739131,12,1.0,23,0,0.0,0.0,0.0,0,13,10,0,C6,C,6,3
22,2565,24,0.93567251462,1.875,6,1.91666666667,7,1.91666666667,7,1.875,6,0.0,0,9.58333333333,12,1.0,24,0,0.0,0.0,0.0,0,15,6,3,C6,C,6,3
23,2254,26,1.15350488021,1.76923076923,10,1.84615384615,11,1.84615384615,11,1.76923076923,10,0.0,0,9.23076923077,12,1.0,26,0,0.0,0.0,0.0,0,22,2,2,C6,C,6,3
24,1919,31,1.61542470037,1.8064516129,17,1.83870967742,18,1.83870967742,18,1.8064516129,17,0.0,0,10.1290322581,14,1.0,31,0,0.0,0.0,0.0,0,21,9,1,C6,C,6,3
25,1580,23,1.45569620253,1.4347826087,2,1.4347826087,2,1.4347826087,2,1.4347826087,2,0.0,0,10.6086956522,12,1.0,23,0,0.0,0.0,0.0,0,13,10,0,C6,C,6,3
26,1255,16,1.27490039841,1.75,4,1.75,4,1.75,4,1.75,4,0.0,0,10.75,14,1.0,16,0,0.0,0.0,0.0,0,8,8,0,C6,C,6,3
27,958,10,1.04384133612,1.5,4,1.5,4,1.5,4,1.5,4,0.0,0,9.8,12,1.0,10,0,0.0,0.0,0.0,0,7,3,0,C6,C,6,3
28,699,8,1.14449213162,1.25,2,1.25,2,1.25,2,1.25,2,0.0,0,9.5,12,1.0,8,0,0.0,0.0,0.0,0,6,2,0,C6,C,6,3
29,484,3,0.619834710744,1.66666666667,2,1.66666666667,2,1.66666666667,2,1.66666666667,2,0.0,0,10.0,12,1.0,3,0,0.0,0.0,0.0,0,1,2,0,C6,C,6,3
30,315,0,0.0,0.0,0,0.0,0,0.0,0,0.0,0,0.0,0,0.0,0,0.0,0,0,0.0,0.0,0.0,0,0,0,0,C6,C,6,3
31,190,0,0.0,0.0,0,0.0,0,0.0,0,0.0,0,0.0,0,0.0,0,0.0,0,0,0.0,0.0,0.0,0,0,0,0,C6,C,6,3
32,104,0,0.0,0.0,0,0.0,0,0.0,0,0.0,0,0.0,0,0.0,0,0.0,0,0,0.0,0.0,0.0,0,0,0,0,C6,C,6,3
33,50,0,0.0,0.0,0,0.0,0,0.0,0,0.0,0,0.0,0,0.0,0,0.0,0,0,0.0,0.0,0.0,0,0,0,0,C6,C,6,3
34,20,0,0.0,0.0,0,0.0,0,0.0,0,0.0,0,0.0,0,0.0,0,0.0,0,0,0.0,0.0,0.0,0,0,0,0,C6,C,6,3
35,6,0,0.0,0.0,0,0.0,0,0.0,0,0.0,0,0.0,0,0.0,0,0.0,0,0,0.0,0.0,0.0,0,0,0,0,C6,C,6,3
36,1,0,0.0,0.0,0,0.0,0,0.0,0,0.0,0,0.0,0,0.0,0,0.0,0,0,0.0,0.0,0.0,0,0,0,0,C6,C,6,3
0,1,0,0.0,0.0,0,0.0,0,0.0,0,0.0,0,0.0,0,0.0,0,0.0,0,0,0.0,0.0,0.0,0,0,0,0,D4,D,4,2
1,4,0,0.0,0.0,0,0.0,0,0.0,0,0.0,0,0.0,0,0.0,0,0.0,0,0,0.0,0.0,0.0,0,0,0,0,D4,D,4,2
2,9,0,0.0,0.0,0,0.0,0,0.0,0,0.0,0,0.0,0,0.0,0,0.0,0,0,0.0,0.0,0.0,0,0,0,0,D4,D,4,2
3,16,0,0.0,0.0,0,0.0,0,0.0,0,0.0,0,0.0,0,0.0,0,0.0,0,0,0.0,0.0,0.0,0,0,0,0,D4,D,4,2
4,23,0,0.0,0.0,0,0.0,0,0.0,0,0.0,0,0.0,0,0.0,0,0.0,0,0,0.0,0.0,0.0,0,0,0,0,D4,D,4,2
5,28,0,0.0,0.0,0,0.0,0,0.0,0,0.0,0,0.0,0,0.0,0,0.0,0,0,0.0,0.0,0.0,0,0,0,0,D4,D,4,2
6,30,0,0.0,0.0,0,0.0,0,0.0,0,0.0,0,0.0,0,0.0,0,0.0,0,0,0.0,0.0,0.0,0,0,0,0,D4,D,4,2
7,28,1,3.57142857143,1.0,1,1.0,1,1.0,1,1.0,1,0.0,0,4.0,4,1.0,1,0,0.0,0.0,0.0,0,1,0,0,D4,D,4,2
8,23,2,8.69565217392,1.0,1,1.0,1,1.0,1,1.0,1,0.0,0,4.0,4,1.0,2,0,0.0,0.0,0.0,0,2,0,0,D4,D,4,2
9,16,1,6.25,1.0,1,1.0,1,1.0,1,1.0,1,0.0,0,4.0,4,1.0,1,0,0.0,0.0,0.0,0,1,0,0,D4,D,4,2
10,9,0,0.0,0.0,0,0.0,0,0.0,0,0.0,0,0.0,0,0.0,0,0.0,0,0,0.0,0.0,0.0,0,0,0,0,D4,D,4,2
11,4,0,0.0,0.0,0,0.0,0,0.0,0,0.0,0,0.0,0,0.0,0,0.0,0,0,0.0,0.0,0.0,0,0,0,0,D4,D,4,2
12,1,0,0.0,0.0,0,0.0,0,0.0,0,0.0,0,0.0,0,0.0,0,0.0,0,0,0.0,0.0,0.0,0,0,0,0,D4,D,4,2
0,1,0,0.0,0.0,0,0.0,0,0.0,0,0.0,0,0.0,0,0.0,0,0.0,0,0,0.0,0.0,0.0,0,0,0,0,D5,D,5,2
1,5,0,0.0,0.0,0,0.0,0,0.0,0,0.0,0,0.0,0,0.0,0,0.0,0,0,0.0,0.0,0.0,0,0,0,0,D5,D,5,2
2,14,0,0.0,0.0,0,0.0,0,0.0,0,0.0,0,0.0,0,0.0,0,0.0,0,0,0.0,0.0,0.0,0,0,0,0,D5,D,5,2
3,30,0,0.0,0.0,0,0.0,0,0.0,0,0.0,0,0.0,0,0.0,0,0.0,0,0,0.0,0.0,0.0,0,0,0,0,D5,D,5,2
4,54,0,0.0,0.0,0,0.0,0,0.0,0,0.0,0,0.0,0,0.0,0,0.0,0,0,0.0,0.0,0.0,0,0,0,0,D5,D,5,2
5,85,0,0.0,0.0,0,0.0,0,0.0,0,0.0,0,0.0,0,0.0,0,0.0,0,0,0.0,0.0,0.0,0,0,0,0,D5,D,5,2
6,120,0,0.0,0.0,0,0.0,0,0.0,0,0.0,0,0.0,0,0.0,0,0.0,0,0,0.0,0.0,0.0,0,0,0,0,D5,D,5,2
7,155,1,0.645161290323,1.0,1,1.0,1,1.0,1,1.0,1,0.0,0,4.0,4,1.0,1,0,0.0,0.0,0.0,0,1,0,0,D5,D,5,2
8,185,4,2.16216216216,1.0,1,1.0,1,1.0,1,1.0,1,0.0,0,4.0,4,1.0,4,0,0.0,0.0,0.0,0,4,0,0,D5,D,5,2
9,205,8,3.90243902439,1.125,2,1.125,2,1.125,2,1.125,2,0.0,0,4.25,6,1.0,8,0,0.0,0.0,0.0,0,7,1,0,D5,D,5,2
10,212,10,4.71698113208,1.2,2,1.2,2,1.2,2,1.2,2,0.0,0,4.4,6,1.0,10,0,0.0,0.0,0.0,0,8,2,0,D5,D,5,2
11,205,14,6.82926829268,1.42857142857,3,1.42857142857,3,1.42857142857,3,1.42857142857,3,0.0,0,4.42857142857,6,1.0,14,0,0.0,0.0,0.0,0,11,3,0,D5,D,5,2
12,185,14,7.56756756757,1.57142857143,4,1.57142857143,4,1.57142857143,4,1.57142857143,4,0.0,0,4.28571428572,6,1.0,14,0,0.0,0.0,0.0,0,10,4,0,D5,D,5,2
13,155,11,7.09677419355,2.09090909091,6,2.09090909091,6,2.09090909091,6,2.09090909091,6,0.0,0,5.27272727273,8,1.0,11,0,0.0,0.0,0.0,0,7,3,1,D5,D,5,2
14,120,8,6.66666666666,2.0,5,2.0,5,2.0,5,2.0,5,0.0,0,5.5,8,1.0,8,0,0.0,0.0,0.0,0,6,2,0,D5,D,5,2
15,85,9,10.5882352941,1.66666666667,7,1.66666666667,7,1.66666666667,7,1.66666666667,7,0.0,0,5.11111111111,8,1.0,9,0,0.0,0.0,0.0,0,8,0,1,D5,D,5,2
16,54,6,11.1111111111,1.0,1,1.0,1,1.0,1,1.0,1,0.0,0,4.66666666666,6,1.0,6,0,0.0,0.0,0.0,0,6,0,0,D5,D,5,2
17,30,2,6.66666666666,1.0,1,1.0,1,1.0,1,1.0,1,0.0,0,5.0,6,1.0,2,0,0.0,0.0,0.0,0,2,0,0,D5,D,5,2
18,14,0,0.0,0.0,0,0.0,0,0.0,0,0.0,0,0.0,0,0.0,0,0.0,0,0,0.0,0.0,0.0,0,0,0,0,D5,D,5,2
19,5,0,0.0,0.0,0,0.0,0,0.0,0,0.0,0,0.0,0,0.0,0,0.0,0,0,0.0,0.0,0.0,0,0,0,0,D5,D,5,2
20,1,0,0.0,0.0,0,0.0,0,0.0,0,0.0,0,0.0,0,0.0,0,0.0,0,0,0.0,0.0,0.0,0,0,0,0,D5,D,5,2
0,1,0,0.0,0.0,0,0.0,0,0.0,0,0.0,0,0.0,0,0.0,0,0.0,0,0,0.0,0.0,0.0,0,0,0,0,D6,D,6,2
1,6,0,0.0,0.0,0,0.0,0,0.0,0,0.0,0,0.0,0,0.0,0,0.0,0,0,0.0,0.0,0.0,0,0,0,0,D6,D,6,2
2,20,0,0.0,0.0,0,0.0,0,0.0,0,0.0,0,0.0,0,0.0,0,0.0,0,0,0.0,0.0,0.0,0,0,0,0,D6,D,6,2
3,50,0,0.0,0.0,0,0.0,0,0.0,0,0.0,0,0.0,0,0.0,0,0.0,0,0,0.0,0.0,0.0,0,0,0,0,D6,D,6,2
4,104,0,0.0,0.0,0,0.0,0,0.0,0,0.0,0,0.0,0,0.0,0,0.0,0,0,0.0,0.0,0.0,0,0,0,0,D6,D,6,2
5,190,0,0.0,0.0,0,0.0,0,0.0,0,0.0,0,0.0,0,0.0,0,0.0,0,0,0.0,0.0,0.0,0,0,0,0,D6,D,6,2
6,314,0,0.0,0.0,0,0.0,0,0.0,0,0.0,0,0.0,0,0.0,0,0.0,0,0,0.0,0.0,0.0,0,0,0,0,D6,D,6,2
7,478,1,0.209205020921,1.0,1,1.0,1,1.0,1,1.0,1,0.0,0,4.0,4,1.0,1,0,0.0,0.0,0.0,0,1,0,0,D6,D,6,2
8,679,5,0.736377025037,1.0,1,1.0,1,1.0,1,1.0,1,0.0,0,4.0,4,1.0,5,0,0.0,0.0,0.0,0,5,0,0,D6,D,6,2
9,908,14,1.54185022026,1.07142857143,2,1.07142857143,2,1.07142857143,2,1.07142857143,2,0.0,0,4.14285714286,6,1.0,14,0,0.0,0.0,0.0,0,13,1,0,D6,D,6,2
10,1151,28,2.43266724587,1.14285714286,2,1.14285714286,2,1.14285714286,2,1.14285714286,2,0.0,0,4.28571428572,6,1.0,28,0,0.0,0.0,0.0,0,24,4,0,D6,D,6,2
11,1390,51,3.6690647482,1.3137254902,3,1.3137254902,3,1.3137254902,3,1.3137254902,3,0.0,0,4.58823529412,8,1.0,51,0,0.0,0.0,0.0,0,39,12,0,D6,D,6,2
12,1605,79,4.92211838006,1.45569620253,4,1.45569620253,4,1.45569620253,4,1.45569620253,4,0.0,0,4.6582278481,8,1.0,79,0,0.0,0.0,0.0,0,57,22,0,D6,D,6,2
13,1776,109,6.13738738739,1.74311926606,6,1.74311926606,6,1.74311926606,6,1.74311926606,6,0.0,0,5.02752293578,8,1.0,109,0,0.0,0.0,0.0,0,65,43,1,D6,D,6,2
14,1886,131,6.94591728526,2.0534351145,7,2.0534351145,7,2.0534351145,7,2.0534351145,7,0.0,0,5.31297709924,8,1.0,131,0,0.0,0.0,0.0,0,71,54,6,D6,D,6,2
15,1924,152,7.90020790021,2.42763157895,11,2.42763157895,11,2.42763157895,11,2.42763157895,11,0.0,0,5.59210526316,10,1.0,152,0,0.0,0.0,0.0,0,84,55,13,D6,D,6,2
16,1886,171,9.06680805939,2.59649122807,17,2.60233918129,17,2.60233918129,17,2.60233918129,17,0.00584795321637,1,5.65497076023,10,0.994152046784,170,1,0.00584795321637,1.0,0.0116959064327,2,112,27,32,D6,D,6,2
17,1776,208,11.7117117117,2.65865384615,26,2.67307692308,26,2.67307692308,26,2.67307692308,26,0.0144230769231,1,5.9326923077,12,0.989926739927,205,3,0.0100732600733,1.0,0.0288461538462,2,148,37,23,D6,D,6,2
18,1605,206,12.8348909657,2.80582524272,26,2.84466019418,26,2.84466019418,26,2.84466019418,26,0.0388349514563,1,6.07766990292,12,0.973333333333,198,8,0.0266666666667,1.0,0.0776699029126,2,127,66,13,D6,D,6,2
19,1390,193,13.8848920863,3.12953367876,44,3.21243523316,45,3.21243523316,45,3.19689119171,45,0.0569948186529,1,6.41450777202,14,0.965671519039,182,11,0.0343284809606,1.0,0.134715025907,4,115,54,24,D6,D,6,2
20,1151,174,15.1172893136,3.08045977011,67,3.20114942529,72,3.20114942529,72,3.16666666667,69,0.0632183908046,1,6.48275862069,14,0.961535572083,163,11,0.0384644279168,1.0,0.172413793103,4,93,68,13,D6,D,6,2
21,908,131,14.4273127753,3.64885496183,116,3.76335877863,123,3.76335877863,123,3.74045801527,120,0.0534351145038,1,7.23664122137,16,0.966933531931,124,7,0.0330664680693,1.0,0.18320610687,8,51,70,10,D6,D,6,2
22,679,77,11.3402061856,4.01298701299,47,4.07792207792,51,4.07792207792,51,4.07792207792,51,0.025974025974,1,8.05194805194,13,0.984975808506,75,2,0.0150241914948,1.0,0.12987012987,8,23,35,19,D6,D,6,2
23,478,47,9.83263598326,4.38297872341,13,4.38297872341,13,4.38297872341,13,4.38297872341,13,0.0,0,8.25531914894,14,1.0,47,0,0.0,0.0,0.0,0,22,10,15,D6,D,6,2
24,314,34,10.8280254777,3.17647058823,18,3.17647058823,18,3.17647058823,18,3.17647058823,18,0.0,0,6.82352941176,14,1.0,34,0,0.0,0.0,0.0,0,26,4,4,D6,D,6,2
25,190,23,12.1052631579,2.52173913044,32,2.52173913044,32,2.52173913044,32,2.52173913044,32,0.0,0,6.0,16,1.0,23,0,0.0,0.0,0.0,0,21,1,1,D6,D,6,2
26,104,11,10.5769230769,1.0,1,1.0,1,1.0,1,1.0,1,0.0,0,5.45454545454,8,1.0,11,0,0.0,0.0,0.0,0,11,0,0,D6,D,6,2
27,50,3,6.0,1.0,1,1.0,1,1.0,1,1.0,1,0.0,0,6.0,8,1.0,3,0,0.0,0.0,0.0,0,3,0,0,D6,D,6,2
28,20,0,0.0,0.0,0,0.0,0,0.0,0,0.0,0,0.0,0,0.0,0,0.0,0,0,0.0,0.0,0.0,0,0,0,0,D6,D,6,2
29,6,0,0.0,0.0,0,0.0,0,0.0,0,0.0,0,0.0,0,0.0,0,0.0,0,0,0.0,0.0,0.0,0,0,0,0,D6,D,6,2
30,1,0,0.0,0.0,0,0.0,0,0.0,0,0.0,0,0.0,0,0.0,0,0.0,0,0,0.0,0.0,0.0,0,0,0,0,D6,D,6,2
0,1,0,0.0,0.0,0,0.0,0,0.0,0,0.0,0,0.0,0,0.0,0,0.0,0,0,0.0,0.0,0.0,0,0,0,0,D6,D,6,3
1,6,0,0.0,0.0,0,0.0,0,0.0,0,0.0,0,0.0,0,0.0,0,0.0,0,0,0.0,0.0,0.0,0,0,0,0,D6,D,6,3
2,20,0,0.0,0.0,0,0.0,0,0.0,0,0.0,0,0.0,0,0.0,0,0.0,0,0,0.0,0.0,0.0,0,0,0,0,D6,D,6,3
3,50,0,0.0,0.0,0,0.0,0,0.0,0,0.0,0,0.0,0,0.0,0,0.0,0,0,0.0,0.0,0.0,0,0,0,0,D6,D,6,3
4,104,0,0.0,0.0,0,0.0,0,0.0,0,0.0,0,0.0,0,0.0,0,0.0,0,0,0.0,0.0,0.0,0,0,0,0,D6,D,6,3
5,190,0,0.0,0.0,0,0.0,0,0.0,0,0.0,0,0.0,0,0.0,0,0.0,0,0,0.0,0.0,0.0,0,0,0,0,D6,D,6,3
6,314,0,0.0,0.0,0,0.0,0,0.0,0,0.0,0,0.0,0,0.0,0,0.0,0,0,0.0,0.0,0.0,0,0,0,0,D6,D,6,3
7,478,0,0.0,0.0,0,0.0,0,0.0,0,0.0,0,0.0,0,0.0,0,0.0,0,0,0.0,0.0,0.0,0,0,0,0,D6,D,6,3
8,679,0,0.0,0.0,0,0.0,0,0.0,0,0.0,0,0.0,0,0.0,0,0.0,0,0,0.0,0.0,0.0,0,0,0,0,D6,D,6,3
9,908,0,0.0,0.0,0,0.0,0,0.0,0,0.0,0,0.0,0,0.0,0,0.0,0,0,0.0,0.0,0.0,0,0,0,0,D6,D,6,3
10,1151,0,0.0,0.0,0,0.0,0,0.0,0,0.0,0,0.0,0,0.0,0,0.0,0,0,0.0,0.0,0.0,0,0,0,0,D6,D,6,3
11,1390,0,0.0,0.0,0,0.0,0,0.0,0,0.0,0,0.0,0,0.0,0,0.0,0,0,0.0,0.0,0.0,0,0,0,0,D6,D,6,3
12,1605,0,0.0,0.0,0,0.0,0,0.0,0,0.0,0,0.0,0,0.0,0,0.0,0,0,0.0,0.0,0.0,0,0,0,0,D6,D,6,3
13,1776,0,0.0,0.0,0,0.0,0,0.0,0,0.0,0,0.0,0,0.0,0,0.0,0,0,0.0,0.0,0.0,0,0,0,0,D6,D,6,3
14,1886,0,0.0,0.0,0,0.0,0,0.0,0,0.0,0,0.0,0,0.0,0,0.0,0,0,0.0,0.0,0.0,0,0,0,0,D6,D,6,3
15,1924,0,0.0,0.0,0,0.0,0,0.0,0,0.0,0,0.0,0,0.0,0,0.0,0,0,0.0,0.0,0.0,0,0,0,0,D6,D,6,3
16,1886,0,0.0,0.0,0,0.0,0,0.0,0,0.0,0,0.0,0,0.0,0,0.0,0,0,0.0,0.0,0.0,0,0,0,0,D6,D,6,3
17,1776,0,0.0,0.0,0,0.0,0,0.0,0,0.0,0,0.0,0,0.0,0,0.0,0,0,0.0,0.0,0.0,0,0,0,0,D6,D,6,3
18,1605,0,0.0,0.0,0,0.0,0,0.0,0,0.0,0,0.0,0,0.0,0,0.0,0,0,0.0,0.0,0.0,0,0,0,0,D6,D,6,3
19,1390,1,0.0719424460432,1.0,1,2.0,2,2.0,2,1.0,1,0.0,0,10.0,10,1.0,1,0,0.0,0.0,0.0,0,0,1,0,D6,D,6,3
20,1151,2,0.173761946134,1.0,1,2.0,2,2.0,2,1.0,1,0.0,0,10.0,10,1.0,2,0,0.0,0.0,0.0,0,0,2,0,D6,D,6,3
21,908,1,0.11013215859,1.0,1,2.0,2,2.0,2,1.0,1,0.0,0,10.0,10,1.0,1,0,0.0,0.0,0.0,0,0,1,0,D6,D,6,3
22,679,0,0.0,0.0,0,0.0,0,0.0,0,0.0,0,0.0,0,0.0,0,0.0,0,0,0.0,0.0,0.0,0,0,0,0,D6,D,6,3
23,478,0,0.0,0.0,0,0.0,0,0.0,0,0.0,0,0.0,0,0.0,0,0.0,0,0,0.0,0.0,0.0,0,0,0,0,D6,D,6,3
24,314,0,0.0,0.0,0,0.0,0,0.0,0,0.0,0,0.0,0,0.0,0,0.0,0,0,0.0,0.0,0.0,0,0,0,0,D6,D,6,3
25,190,0,0.0,0.0,0,0.0,0,0.0,0,0.0,0,0.0,0,0.0,0,0.0,0,0,0.0,0.0,0.0,0,0,0,0,D6,D,6,3
26,104,0,0.0,0.0,0,0.0,0,0.0,0,0.0,0,0.0,0,0.0,0,0.0,0,0,0.0,0.0,0.0,0,0,0,0,D6,D,6,3
27,50,0,0.0,0.0,0,0.0,0,0.0,0,0.0,0,0.0,0,0.0,0,0.0,0,0,0.0,0.0,0.0,0,0,0,0,D6,D,6,3
28,20,0,0.0,0.0,0,0.0,0,0.0,0,0.0,0,0.0,0,0.0,0,0.0,0,0,0.0,0.0,0.0,0,0,0,0,D6,D,6,3
29,6,0,0.0,0.0,0,0.0,0,0.0,0,0.0,0,0.0,0,0.0,0,0.0,0,0,0.0,0.0,0.0,0,0,0,0,D6,D,6,3
30,1,0,0.0,0.0,0,0.0,0,0.0,0,0.0,0,0.0,0,0.0,0,0.0,0,0,0.0,0.0,0.0,0,0,0,0,D6,D,6,3
0,1,0,0.0,0.0,0,0.0,0,0.0,0,0.0,0,0.0,0,0.0,0,0.0,0,0,0.0,0.0,0.0,0,0,0,0,E6,E,6,2
1,6,0,0.0,0.0,0,0.0,0,0.0,0,0.0,0,0.0,0,0.0,0,0.0,0,0,0.0,0.0,0.0,0,0,0,0,E6,E,6,2
2,20,0,0.0,0.0,0,0.0,0,0.0,0,0.0,0,0.0,0,0.0,0,0.0,0,0,0.0,0.0,0.0,0,0,0,0,E6,E,6,2
3,50,0,0.0,0.0,0,0.0,0,0.0,0,0.0,0,0.0,0,0.0,0,0.0,0,0,0.0,0.0,0.0,0,0,0,0,E6,E,6,2
4,105,0,0.0,0.0,0,0.0,0,0.0,0,0.0,0,0.0,0,0.0,0,0.0,0,0,0.0,0.0,0.0,0,0,0,0,E6,E,6,2
5,195,0,0.0,0.0,0,0.0,0,0.0,0,0.0,0,0.0,0,0.0,0,0.0,0,0,0.0,0.0,0.0,0,0,0,0,E6,E,6,2
6,329,0,0.0,0.0,0,0.0,0,0.0,0,0.0,0,0.0,0,0.0,0,0.0,0,0,0.0,0.0,0.0,0,0,0,0,E6,E,6,2
7,514,1,0.194552529183,1.0,1,1.0,1,1.0,1,1.0,1,0.0,0,4.0,4,1.0,1,0,0.0,0.0,0.0,0,1,0,0,E6,E,6,2
8,754,6,0.79575596817,1.0,1,1.0,1,1.0,1,1.0,1,0.0,0,4.0,4,1.0,6,0,0.0,0.0,0.0,0,6,0,0,E6,E,6,2
9,1048,19,1.81297709924,1.1052631579,2,1.1052631579,2,1.1052631579,2,1.1052631579,2,0.0,0,4.21052631579,6,1.0,19,0,0.0,0.0,0.0,0,17,2,0,E6,E,6,2
10,1389,40,2.87976961843,1.2,2,1.2,2,1.2,2,1.2,2,0.0,0,4.4,6,1.0,40,0,0.0,0.0,0.0,0,32,8,0,E6,E,6,2
11,1765,73,4.13597733711,1.3698630137,4,1.3698630137,4,1.3698630137,4,1.3698630137,4,0.0,0,4.54794520548,8,1.0,73,0,0.0,0.0,0.0,0,54,19,0,E6,E,6,2
12,2159,118,5.46549328393,1.49152542373,4,1.49152542373,4,1.49152542373,4,1.49152542373,4,0.0,0,4.57627118644,8,1.0,118,0,0.0,0.0,0.0,0,84,34,0,E6,E,6,2
13,2549,201,7.88544527266,1.69154228856,6,1.69154228856,6,1.69154228856,6,1.69154228856,6,0.0,0,5.02487562189,10,1.0,201,0,0.0,0.0,0.0,0,138,56,7,E6,E,6,2
14,2911,258,8.86293369975,2.0,9,2.0,9,2.0,9,2.0,9,0.0,0,5.3023255814,10,1.0,258,0,0.0,0.0,0.0,0,152,88,18,E6,E,6,2
15,3222,347,10.7697082557,2.51008645533,16,2.51008645533,16,2.51008645533,16,2.51008645533,16,0.0,0,5.83285302594,10,1.0,347,0,0.0,0.0,0.0,0,206,113,28,E6,E,6,2
16,3461,436,12.597515169,2.69724770642,19,2.69724770642,19,2.69724770642,19,2.69724770642,19,0.0,0,5.93577981651,10,1.0,436,0,0.0,0.0,0.0,0,252,134,50,E6,E,6,2
17,3611,516,14.2896704514,3.30620155039,33,3.31201550388,33,3.31201550388,33,3.30620155039,33,0.0,0,6.46511627907,12,1.0,516,0,0.0,0.0,0.0,0,270,169,77,E6,E,6,2
18,3662,562,15.3468050246,3.67259786477,52,3.69039145907,55,3.69039145907,55,3.67259786477,52,0.0,0,6.38434163701,12,1.0,562,0,0.0,0.0,0.0,0,324,92,146,E6,E,6,2
19,3611,657,18.1944059817,3.93302891933,90,3.98325722983,93,3.98325722983,93,3.93302891933,90,0.0,0,6.67275494673,14,1.0,657,0,0.0,0.0,0.0,0,401,141,115,E6,E,6,2
20,3461,720,20.8032360589,4.09166666667,138,4.19444444445,143,4.19444444445,143,4.10833333333,138,0.0111111111111,1,6.80555555555,14,0.996527777777,712,8,0.00347222222222,0.5,0.0333333333334,4,420,230,70,E6,E,6,2
21,3222,792,24.5810055866,4.25757575758,218,4.45454545454,232,4.45454545454,232,4.29292929293,218,0.0252525252525,1,7.37878787878,16,0.995345949828,772,20,0.00465405017226,0.5,0.070707070707,4,433,289,70,E6,E,6,2
22,2911,781,26.8292682927,4.13700384123,74,4.40845070423,87,4.40845070423,87,4.20870678617,78,0.0409731113957,1,7.6747759283,15,0.992326830751,749,32,0.00767316924855,0.571428571428,0.143405889885,8,396,283,102,E6,E,6,2
23,2549,726,28.481757552,4.72314049587,120,5.08953168044,145,5.08953168044,145,4.80578512396,124,0.0440771349863,1,8.44903581268,16,0.990867314039,694,32,0.00913268596153,0.333333333333,0.165289256198,8,352,250,124,E6,E,6,2
24,2159,583,27.0032422418,5.30531732419,184,5.69639794168,224,5.69639794168,224,5.45626072041,189,0.0617495711836,1,8.84391080617,17,0.986293680423,547,36,0.0137063195776,0.4,0.301886792453,10,234,210,139,E6,E,6,2
25,1765,451,25.552407932,6.30820399113,312,6.80709534368,377,6.80709534368,377,6.52993348115,318,0.0709534368071,2,9.20177383591,18,0.986007052586,421,30,0.0142790499827,0.4,0.443458980044,12,215,125,111,E6,E,6,2
26,1389,336,24.1900647948,5.71428571428,46,6.10119047619,54,6.10119047619,54,6.04761904762,54,0.0595238095238,2,8.64285714286,16,0.987327196561,320,16,0.0131396568474,0.352941176471,0.666666666667,18,178,80,78,E6,E,6,2
27,1048,246,23.4732824427,6.16260162602,73,6.77642276423,97,6.77642276423,97,6.60162601626,90,0.0487804878049,2,8.17073170732,20,0.99151743951,239,7,0.00932606311184,0.350515463917,0.878048780488,34,147,62,37,E6,E,6,2
28,754,159,21.0875331565,6.00628930818,128,6.65408805032,179,6.65408805032,179,6.38993710692,158,0.0314465408805,2,8.40880503145,20,0.993201222726,156,3,0.00736095007203,0.5,0.767295597484,60,76,65,18,E6,E,6,2
29,514,92,17.8988326848,7.17391304348,241,8.29347826086,336,8.29347826086,336,7.8152173913,298,0.0434782608696,2,8.56521739131,20,0.991394927535,89,3,0.00912267080746,0.339285714286,1.28260869565,114,51,26,15,E6,E,6,2
30,329,57,17.3252279635,3.0350877193,13,3.05263157895,14,3.05263157895,14,3.05263157895,14,0.0175438596491,1,7.31578947369,14,0.997493734336,56,1,0.00250626566416,0.142857142857,0.0350877192982,2,44,4,9,E6,E,6,2
31,195,41,21.0256410257,2.36585365854,23,2.36585365854,23,2.36585365854,23,2.36585365854,23,0.0,0,6.82926829268,16,1.0,41,0,0.0,0.0,0.0,0,37,0,4,E6,E,6,2
32,105,20,19.0476190476,1.0,1,1.0,1,1.0,1,1.0,1,0.0,0,6.4,10,1.0,20,0,0.0,0.0,0.0,0,20,0,0,E6,E,6,2
33,50,5,10.0,1.0,1,1.0,1,1.0,1,1.0,1,0.0,0,6.8,10,1.0,5,0,0.0,0.0,0.0,0,5,0,0,E6,E,6,2
34,20,0,0.0,0.0,0,0.0,0,0.0,0,0.0,0,0.0,0,0.0,0,0.0,0,0,0.0,0.0,0.0,0,0,0,0,E6,E,6,2
35,6,0,0.0,0.0,0,0.0,0,0.0,0,0.0,0,0.0,0,0.0,0,0.0,0,0,0.0,0.0,0.0,0,0,0,0,E6,E,6,2
36,1,0,0.0,0.0,0,0.0,0,0.0,0,0.0,0,0.0,0,0.0,0,0.0,0,0,0.0,0.0,0.0,0,0,0,0,E6,E,6,2
0,1,0,0.0,0.0,0,0.0,0,0.0,0,0.0,0,0.0,0,0.0,0,0.0,0,0,0.0,0.0,0.0,0,0,0,0,E6,E,6,3
1,6,0,0.0,0.0,0,0.0,0,0.0,0,0.0,0,0.0,0,0.0,0,0.0,0,0,0.0,0.0,0.0,0,0,0,0,E6,E,6,3
2,20,0,0.0,0.0,0,0.0,0,0.0,0,0.0,0,0.0,0,0.0,0,0.0,0,0,0.0,0.0,0.0,0,0,0,0,E6,E,6,3
3,50,0,0.0,0.0,0,0.0,0,0.0,0,0.0,0,0.0,0,0.0,0,0.0,0,0,0.0,0.0,0.0,0,0,0,0,E6,E,6,3
4,105,0,0.0,0.0,0,0.0,0,0.0,0,0.0,0,0.0,0,0.0,0,0.0,0,0,0.0,0.0,0.0,0,0,0,0,E6,E,6,3
5,195,0,0.0,0.0,0,0.0,0,0.0,0,0.0,0,0.0,0,0.0,0,0.0,0,0,0.0,0.0,0.0,0,0,0,0,E6,E,6,3
6,329,0,0.0,0.0,0,0.0,0,0.0,0,0.0,0,0.0,0,0.0,0,0.0,0,0,0.0,0.0,0.0,0,0,0,0,E6,E,6,3
7,514,0,0.0,0.0,0,0.0,0,0.0,0,0.0,0,0.0,0,0.0,0,0.0,0,0,0.0,0.0,0.0,0,0,0,0,E6,E,6,3
8,754,0,0.0,0.0,0,0.0,0,0.0,0,0.0,0,0.0,0,0.0,0,0.0,0,0,0.0,0.0,0.0,0,0,0,0,E6,E,6,3
9,1048,0,0.0,0.0,0,0.0,0,0.0,0,0.0,0,0.0,0,0.0,0,0.0,0,0,0.0,0.0,0.0,0,0,0,0,E6,E,6,3
10,1389,0,0.0,0.0,0,0.0,0,0.0,0,0.0,0,0.0,0,0.0,0,0.0,0,0,0.0,0.0,0.0,0,0,0,0,E6,E,6,3
11,1765,0,0.0,0.0,0,0.0,0,0.0,0,0.0,0,0.0,0,0.0,0,0.0,0,0,0.0,0.0,0.0,0,0,0,0,E6,E,6,3
12,2159,0,0.0,0.0,0,0.0,0,0.0,0,0.0,0,0.0,0,0.0,0,0.0,0,0,0.0,0.0,0.0,0,0,0,0,E6,E,6,3
13,2549,4,0.156924284033,1.0,1,1.0,1,1.0,1,1.0,1,0.0,0,6.5,8,1.0,4,0,0.0,0.0,0.0,0,4,0,0,E6,E,6,3
14,2911,10,0.343524562006,1.0,1,1.0,1,1.0,1,1.0,1,0.0,0,6.8,8,1.0,10,0,0.0,0.0,0.0,0,10,0,0,E6,E,6,3
15,3222,19,0.589695841092,1.31578947369,2,1.31578947369,2,1.31578947369,2,1.31578947369,2,0.0,0,7.05263157895,8,1.0,19,0,0.0,0.0,0.0,0,13,6,0,E6,E,6,3
16,3461,22,0.635654435135,1.36363636364,2,1.36363636364,2,1.36363636364,2,1.36363636364,2,0.0,0,6.90909090909,8,1.0,22,0,0.0,0.0,0.0,0,14,8,0,E6,E,6,3
17,3611,50,1.38465798948,1.46,4,1.48,5,1.48,5,1.46,4,0.0,0,7.44,12,1.0,50,0,0.0,0.0,0.0,0,39,11,0,E6,E,6,3
18,3662,72,1.96613872201,1.47222222222,6,1.5,7,1.5,7,1.47222222222,6,0.0,0,6.88888888889,12,1.0,72,0,0.0,0.0,0.0,0,62,4,6,E6,E,6,3
19,3611,121,3.35087233453,1.42148760331,13,1.46280991736,15,1.46280991736,15,1.42148760331,13,0.0,0,6.94214876033,12,1.0,121,0,0.0,0.0,0.0,0,100,18,3,E6,E,6,3
20,3461,134,3.87171337764,1.67164179104,21,1.70149253731,23,1.70149253731,23,1.67164179104,21,0.0,0,6.83582089553,12,1.0,134,0,0.0,0.0,0.0,0,90,42,2,E6,E,6,3
21,3222,139,4.31409062694,2.4964028777,45,2.52517985611,49,2.52517985611,49,2.4964028777,45,0.0,0,8.20143884892,16,1.0,139,0,0.0,0.0,0.0,0,60,74,5,E6,E,6,3
22,2911,112,3.84747509447,2.94642857143,9,2.94642857143,9,2.94642857143,9,2.94642857143,9,0.0,0,8.78571428571,12,1.0,112,0,0.0,0.0,0.0,0,38,54,20,E6,E,6,3
23,2549,95,3.72695174578,3.16842105263,17,3.16842105263,17,3.16842105263,17,3.16842105263,17,0.0,0,9.13684210526,12,1.0,95,0,0.0,0.0,0.0,0,51,30,14,E6,E,6,3
24,2159,74,3.42751273738,3.2972972973,30,3.2972972973,30,3.2972972973,30,3.2972972973,30,0.0,0,9.02702702703,14,1.0,74,0,0.0,0.0,0.0,0,52,14,8,E6,E,6,3
25,1765,62,3.51274787535,3.62903225806,51,3.64516129032,51,3.64516129032,51,3.62903225806,51,0.0,0,9.90322580645,14,1.0,62,0,0.0,0.0,0.0,0,33,21,8,E6,E,6,3
26,1389,46,3.31173506119,1.60869565217,4,1.65217391304,4,1.65217391304,4,1.60869565217,4,0.0,0,9.65217391304,14,1.0,46,0,0.0,0.0,0.0,0,26,20,0,E6,E,6,3
27,1048,32,3.0534351145,2.0,4,2.15625,5,2.15625,5,2.0,4,0.0,0,10.3125,12,1.0,32,0,0.0,0.0,0.0,0,14,18,0,E6,E,6,3
28,754,20,2.6525198939,2.5,9,2.7,11,2.7,11,2.5,9,0.0,0,10.8,12,1.0,20,0,0.0,0.0,0.0,0,4,14,2,E6,E,6,3
29,514,11,2.14007782101,4.09090909091,23,4.45454545454,27,4.45454545454,27,4.09090909091,23,0.0,0,10.7272727273,14,1.0,11,0,0.0,0.0,0.0,0,6,4,1,E6,E,6,3
30,329,4,1.21580547113,2.0,2,2.0,2,2.0,2,2.0,2,0.0,0,12.0,12,1.0,4,0,0.0,0.0,0.0,0,0,4,0,E6,E,6,3
31,195,1,0.51282051282,4.0,4,4.0,4,4.0,4,4.0,4,0.0,0,16.0,16,1.0,1,0,0.0,0.0,0.0,0,0,1,0,E6,E,6,3
32,105,0,0.0,0.0,0,0.0,0,0.0,0,0.0,0,0.0,0,0.0,0,0.0,0,0,0.0,0.0,0.0,0,0,0,0,E6,E,6,3
33,50,0,0.0,0.0,0,0.0,0,0.0,0,0.0,0,0.0,0,0.0,0,0.0,0,0,0.0,0.0,0.0,0,0,0,0,E6,E,6,3
34,20,0,0.0,0.0,0,0.0,0,0.0,0,0.0,0,0.0,0,0.0,0,0.0,0,0,0.0,0.0,0.0,0,0,0,0,E6,E,6,3
35,6,0,0.0,0.0,0,0.0,0,0.0,0,0.0,0,0.0,0,0.0,0,0.0,0,0,0.0,0.0,0.0,0,0,0,0,E6,E,6,3
36,1,0,0.0,0.0,0,0.0,0,0.0,0,0.0,0,0.0,0,0.0,0,0.0,0,0,0.0,0.0,0.0,0,0,0,0,E6,E,6,3
0,1,0,0.0,0.0,0,0.0,0,0.0,0,0.0,0,0.0,0,0.0,0,0.0,0,0,0.0,0.0,0.0,0,0,0,0,F4,F,4,2
1,4,0,0.0,0.0,0,0.0,0,0.0,0,0.0,0,0.0,0,0.0,0,0.0,0,0,0.0,0.0,0.0,0,0,0,0,F4,F,4,2
2,9,0,0.0,0.0,0,0.0,0,0.0,0,0.0,0,0.0,0,0.0,0,0.0,0,0,0.0,0.0,0.0,0,0,0,0,F4,F,4,2
3,16,1,6.25,1.0,1,1.0,1,1.0,1,1.0,1,0.0,0,2.0,2,1.0,1,0,0.0,0.0,0.0,0,1,0,0,F4,F,4,2
4,25,4,16.0,1.0,1,1.0,1,1.0,1,1.0,1,0.0,0,2.0,2,1.0,4,0,0.0,0.0,0.0,0,4,0,0,F4,F,4,2
5,36,9,25.0,1.11111111111,2,1.11111111111,2,1.11111111111,2,1.11111111111,2,0.0,0,2.22222222222,4,1.0,9,0,0.0,0.0,0.0,0,8,1,0,F4,F,4,2
6,48,14,29.1666666667,1.35714285714,4,1.42857142857,4,1.42857142857,4,1.42857142857,4,0.0714285714286,1,2.5,4,0.928571428572,13,1,0.0714285714286,1.0,0.142857142857,2,10,4,0,F4,F,4,2
7,60,19,31.6666666667,1.52631578947,4,1.63157894737,4,1.63157894737,4,1.63157894737,4,0.105263157895,1,2.63157894737,4,0.894736842105,17,2,0.105263157895,1.0,0.210526315789,2,12,7,0,F4,F,4,2
8,71,26,36.6197183098,1.92307692308,5,2.0,5,2.0,5,2.0,5,0.0769230769231,1,3.23076923077,6,0.923076923077,24,2,0.0769230769231,1.0,0.153846153846,2,12,14,0,F4,F,4,2
9,80,33,41.25,2.18181818182,7,2.36363636364,8,2.36363636364,8,2.36363636364,8,0.121212121212,1,3.27272727273,6,0.936363636363,29,4,0.0636363636363,0.8,0.363636363636,4,18,13,2,F4,F,4,2
10,87,39,44.8275862069,2.64102564103,10,2.92307692308,11,2.92307692308,11,2.84615384615,10,0.153846153846,2,3.58974358974,6,0.920227920227,34,5,0.0854700854701,1.0,0.410256410256,8,23,9,7,F4,F,4,2
11,92,45,48.9130434783,2.97777777778,18,3.33333333333,21,3.33333333333,21,3.2,20,0.177777777778,1,3.68888888889,8,0.90937950938,37,8,0.0906204906205,1.0,0.444444444444,4,24,15,6,F4,F,4,2
12,94,53,56.3829787234,2.67924528302,14,3.09433962264,19,3.09433962264,19,2.83018867925,14,0.0754716981132,1,3.92452830189,8,0.942497753819,49,4,0.0575022461816,0.857142857143,0.301886792453,6,29,15,9,F4,F,4,2
13,92,66,71.7391304348,2.92424242424,26,3.37878787879,36,3.37878787879,36,3.10606060606,28,0.0757575757576,1,4.37878787878,9,0.943771043771,61,5,0.0562289562289,1.0,0.363636363636,8,33,24,9,F4,F,4,2
14,87,72,82.7586206896,3.51388888889,43,4.34722222222,62,4.34722222222,62,3.93055555555,47,0.222222222222,1,5.18055555555,10,0.865548979448,56,16,0.134451020552,1.0,0.833333333333,10,29,34,9,F4,F,4,2
15,80,67,83.75,4.19402985075,65,5.56716417911,109,5.56716417911,109,5.01492537314,76,0.417910447761,2,6.4776119403,12,0.810420375189,46,21,0.2218364273,1.0,1.67164179104,24,19,37,11,F4,F,4,2
16,71,56,78.8732394367,4.125,18,5.32142857143,44,5.32142857143,44,5.19642857143,39,0.678571428572,3,7.83928571428,12,0.737367825918,28,28,0.357599706549,3.0,2.25,44,13,28,15,F4,F,4,2
17,60,44,73.3333333334,4.63636363636,17,6.11363636364,26,6.11363636364,26,5.81818181818,21,0.863636363636,3,8.63636363637,12,0.713757833077,19,25,0.440048587776,3.0,2.54545454546,8,10,17,17,F4,F,4,2
18,48,33,68.75,5.0,17,7.06060606061,24,7.06060606061,24,6.72727272727,22,0.848484848485,3,9.24242424243,14,0.731854305539,17,16,0.391593396856,3.0,3.69696969697,18,10,8,15,F4,F,4,2
19,36,22,61.1111111111,5.09090909091,24,7.81818181818,37,7.81818181818,37,7.22727272727,33,0.863636363636,3,7.77272727273,14,0.749548574548,12,10,0.351008151008,1.28571428571,4.63636363636,18,10,1,11,F4,F,4,2
20,25,15,60.0,5.4,49,9.26666666666,86,9.26666666666,86,7.93333333333,70,0.8,3,5.86666666667,16,0.711812476929,9,6,0.354632705795,1.28571428571,6.13333333333,50,9,2,4,F4,F,4,2
21,16,8,50.0,2.5,9,4.625,25,4.625,25,4.125,21,0.625,4,4.375,12,0.805,6,2,0.285,1.28,4.25,32,4,3,1,F4,F,4,2
22,9,4,44.4444444444,2.0,3,2.0,3,2.0,3,2.0,3,0.0,0,3.5,6,1.0,4,0,0.0,0.0,0.0,0,2,2,0,F4,F,4,2
23,4,2,50.0,1.0,1,1.0,1,1.0,1,1.0,1,0.0,0,3.0,4,1.0,2,0,0.0,0.0,0.0,0,2,0,0,F4,F,4,2
24,1,0,0.0,0.0,0,0.0,0,0.0,0,0.0,0,0.0,0,0.0,0,0.0,0,0,0.0,0.0,0.0,0,0,0,0,F4,F,4,2
0,1,0,0.0,0.0,0,0.0,0,0.0,0,0.0,0,0.0,0,0.0,0,0.0,0,0,0.0,0.0,0.0,0,0,0,0,F4,F,4,3
1,4,0,0.0,0.0,0,0.0,0,0.0,0,0.0,0,0.0,0,0.0,0,0.0,0,0,0.0,0.0,0.0,0,0,0,0,F4,F,4,3
2,9,0,0.0,0.0,0,0.0,0,0.0,0,0.0,0,0.0,0,0.0,0,0.0,0,0,0.0,0.0,0.0,0,0,0,0,F4,F,4,3
3,16,0,0.0,0.0,0,0.0,0,0.0,0,0.0,0,0.0,0,0.0,0,0.0,0,0,0.0,0.0,0.0,0,0,0,0,F4,F,4,3
4,25,0,0.0,0.0,0,0.0,0,0.0,0,0.0,0,0.0,0,0.0,0,0.0,0,0,0.0,0.0,0.0,0,0,0,0,F4,F,4,3
5,36,0,0.0,0.0,0,0.0,0,0.0,0,0.0,0,0.0,0,0.0,0,0.0,0,0,0.0,0.0,0.0,0,0,0,0,F4,F,4,3
6,48,0,0.0,0.0,0,0.0,0,0.0,0,0.0,0,0.0,0,0.0,0,0.0,0,0,0.0,0.0,0.0,0,0,0,0,F4,F,4,3
7,60,0,0.0,0.0,0,0.0,0,0.0,0,0.0,0,0.0,0,0.0,0,0.0,0,0,0.0,0.0,0.0,0,0,0,0,F4,F,4,3
8,71,0,0.0,0.0,0,0.0,0,0.0,0,0.0,0,0.0,0,0.0,0,0.0,0,0,0.0,0.0,0.0,0,0,0,0,F4,F,4,3
9,80,0,0.0,0.0,0,0.0,0,0.0,0,0.0,0,0.0,0,0.0,0,0.0,0,0,0.0,0.0,0.0,0,0,0,0,F4,F,4,3
10,87,4,4.59770114943,1.0,1,1.0,1,1.0,1,1.0,1,0.0,0,5.0,6,1.0,4,0,0.0,0.0,0.0,0,4,0,0,F4,F,4,3
11,92,8,8.69565217392,1.0,1,1.0,1,1.0,1,1.0,1,0.0,0,5.0,6,1.0,8,0,0.0,0.0,0.0,0,8,0,0,F4,F,4,3
12,94,12,12.7659574468,1.0,1,1.0,1,1.0,1,1.0,1,0.0,0,5.0,6,1.0,12,0,0.0,0.0,0.0,0,12,0,0,F4,F,4,3
13,92,8,8.69565217392,1.0,1,1.0,1,1.0,1,1.0,1,0.0,0,5.0,6,1.0,8,0,0.0,0.0,0.0,0,8,0,0,F4,F,4,3
14,87,6,6.89655172414,1.0,1,1.0,1,1.0,1,1.0,1,0.0,0,4.66666666666,6,1.0,6,0,0.0,0.0,0.0,0,6,0,0,F4,F,4,3
15,80,4,5.0,1.0,1,1.0,1,1.0,1,1.0,1,0.0,0,4.0,4,1.0,4,0,0.0,0.0,0.0,0,4,0,0,F4,F,4,3
16,71,8,11.2676056338,1.0,1,1.0,1,1.0,1,1.0,1,0.0,0,4.5,6,1.0,8,0,0.0,0.0,0.0,0,8,0,0,F4,F,4,3
17,60,8,13.3333333333,1.0,1,1.0,1,1.0,1,1.0,1,0.0,0,5.0,6,1.0,8,0,0.0,0.0,0.0,0,8,0,0,F4,F,4,3
18,48,8,16.6666666667,1.0,1,1.0,1,1.0,1,1.0,1,0.0,0,5.5,6,1.0,8,0,0.0,0.0,0.0,0,8,0,0,F4,F,4,3
19,36,4,11.1111111111,1.0,1,1.0,1,1.0,1,1.0,1,0.0,0,6.0,6,1.0,4,0,0.0,0.0,0.0,0,4,0,0,F4,F,4,3
20,25,2,8.0,1.0,1,1.0,1,1.0,1,1.0,1,0.0,0,6.0,6,1.0,2,0,0.0,0.0,0.0,0,2,0,0,F4,F,4,3
21,16,0,0.0,0.0,0,0.0,0,0.0,0,0.0,0,0.0,0,0.0,0,0.0,0,0,0.0,0.0,0.0,0,0,0,0,F4,F,4,3
22,9,0,0.0,0.0,0,0.0,0,0.0,0,0.0,0,0.0,0,0.0,0,0.0,0,0,0.0,0.0,0.0,0,0,0,0,F4,F,4,3
23,4,0,0.0,0.0,0,0.0,0,0.0,0,0.0,0,0.0,0,0.0,0,0.0,0,0,0.0,0.0,0.0,0,0,0,0,F4,F,4,3
24,1,0,0.0,0.0,0,0.0,0,0.0,0,0.0,0,0.0,0,0.0,0,0.0,0,0,0.0,0.0,0.0,0,0,0,0,F4,F,4,3
0,1,0,0.0,0.0,0,0.0,0,0.0,0,0.0,0,0.0,0,0.0,0,0.0,0,0,0.0,0.0,0.0,0,0,0,0,G2,G,2,2
1,2,0,0.0,0.0,0,0.0,0,0.0,0,0.0,0,0.0,0,0.0,0,0.0,0,0,0.0,0.0,0.0,0,0,0,0,G2,G,2,2
2,2,0,0.0,0.0,0,0.0,0,0.0,0,0.0,0,0.0,0,0.0,0,0.0,0,0,0.0,0.0,0.0,0,0,0,0,G2,G,2,2
3,2,0,0.0,0.0,0,0.0,0,0.0,0,0.0,0,0.0,0,0.0,0,0.0,0,0,0.0,0.0,0.0,0,0,0,0,G2,G,2,2
4,2,2,100.0,1.0,1,1.0,1,1.0,1,1.0,1,0.0,0,2.0,2,1.0,2,0,0.0,0.0,0.0,0,2,0,0,G2,G,2,2
5,2,2,100.0,1.0,1,1.0,1,1.0,1,1.0,1,0.0,0,4.0,4,1.0,2,0,0.0,0.0,0.0,0,2,0,0,G2,G,2,2
6,1,0,0.0,0.0,0,0.0,0,0.0,0,0.0,0,0.0,0,0.0,0,0.0,0,0,0.0,0.0,0.0,0,0,0,0,G2,G,2,2
0,1,0,0.0,0.0,0,0.0,0,0.0,0,0.0,0,0.0,0,0.0,0,0.0,0,0,0.0,0.0,0.0,0,0,0,0,G2,G,2,3
1,2,0,0.0,0.0,0,0.0,0,0.0,0,0.0,0,0.0,0,0.0,0,0.0,0,0,0.0,0.0,0.0,0,0,0,0,G2,G,2,3
2,2,0,0.0,0.0,0,0.0,0,0.0,0,0.0,0,0.0,0,0.0,0,0.0,0,0,0.0,0.0,0.0,0,0,0,0,G2,G,2,3
3,2,1,50.0,1.0,1,1.0,1,1.0,1,1.0,1,0.0,0,2.0,2,1.0,1,0,0.0,0.0,0.0,0,1,0,0,G2,G,2,3
4,2,0,0.0,0.0,0,0.0,0,0.0,0,0.0,0,0.0,0,0.0,0,0.0,0,0,0.0,0.0,0.0,0,0,0,0,G2,G,2,3
5,2,1,50.0,1.0,1,1.0,1,1.0,1,1.0,1,0.0,0,2.0,2,1.0,1,0,0.0,0.0,0.0,0,1,0,0,G2,G,2,3
6,1,0,0.0,0.0,0,0.0,0,0.0,0,0.0,0,0.0,0,0.0,0,0.0,0,0,0.0,0.0,0.0,0,0,0,0,G2,G,2,3
