type,family,rank,prime,total,changed,pct_changed,avg_support_size,max_support_size,avg_signed_mass_at_one,max_signed_mass_at_one,avg_abs_mass_at_one,max_abs_mass_at_one,avg_monomial_complexity,max_monomial_complexity,avg_max_coeff,max_max_coeff,avg_max_abs_coeff,max_max_abs_coeff,avg_max_abs_degree,max_max_abs_degree,avg_max_bruhat_depth,max_max_bruhat_depth,avg_degree_zero_ratio,degree_zero_only,genuinely_graded,avg_avg_abs_degree,max_avg_abs_degree,avg_weighted_abs_degree_mass,max_weighted_abs_degree_mass,mild,moderate,wild
A7,A,7,2,40320,38.0,0.094246031746,1.1052631579,2.0,1.1052631579,2.0,1.1052631579,2.0,1.1052631579,2.0,1.0,1.0,1.0,1.0,0.0,0.0,8.0,8.0,1.0,38.0,0.0,0.0,0.0,0.0,0.0,34.0,4.0,0.0
B2,B,2,2,8,1.0,12.5,1.0,1.0,1.0,1.0,1.0,1.0,1.0,1.0,1.0,1.0,1.0,1.0,0.0,0.0,2.0,2.0,1.0,1.0,0.0,0.0,0.0,0.0,0.0,1.0,0.0,0.0
B3,B,3,2,48,10.0,20.8333333333,1.3,4.0,1.3,4.0,1.3,4.0,1.3,4.0,1.0,1.0,1.0,1.0,0.0,0.0,2.4,4.0,1.0,10.0,0.0,0.0,0.0,0.0,0.0,9.0,1.0,0.0
B4,B,4,2,384,108.0,28.125,1.92592592593,18.0,1.97222222222,19.0,1.97222222222,19.0,1.97222222222,19.0,1.0,1.0,1.0,1.0,0.0462962962963,1.0,3.2962962963,8.0,0.961988304094,103.0,5.0,0.0380116959064,1.0,0.0925925925926,2.0,72.0,28.0,8.0
B5,B,5,2,3840,1351.0,35.1822916667,3.19689119171,101.0,3.42339008142,140.0,3.42339008142,140.0,3.39674315322,122.0,1.0133234641,5.0,1.0133234641,5.0,0.106587712805,2.0,4.50777202073,14.0,0.93364718857,1213.0,138.0,0.0668782690668,1.0,0.39970392302,42.0,684.0,459.0,208.0
B6,B,6,2,46080,19424.0,42.1527777778,6.13323723229,733.0,7.27321869852,1701.0,7.27321869852,1701.0,6.89126853377,1026.0,1.0767092257,30.0,1.0767092257,30.0,0.18806630972,3.0,6.21385914332,22.0,0.91190750823,16202.0,3222.0,0.0908970315398,1.33333333333,1.58329901153,800.0,7660.0,6685.0,5079.0
C2,C,2,2,8,1.0,12.5,1.0,1.0,1.0,1.0,1.0,1.0,1.0,1.0,1.0,1.0,1.0,1.0,0.0,0.0,2.0,2.0,1.0,1.0,0.0,0.0,0.0,0.0,0.0,1.0,0.0,0.0
C3,C,3,2,48,11.0,22.9166666667,1.27272727273,3.0,1.36363636364,3.0,1.36363636364,3.0,1.36363636364,3.0,1.0,1.0,1.0,1.0,0.0909090909091,1.0,2.45454545454,4.0,0.909090909091,10.0,1.0,0.0909090909091,1.0,0.181818181818,2.0,8.0,3.0,0.0
C4,C,4,2,384,119.0,30.9895833333,1.91596638655,14.0,2.15966386555,15.0,2.15966386555,15.0,2.1512605042,15.0,1.00840336134,2.0,1.00840336134,2.0,0.176470588235,2.0,3.2268907563,8.0,0.85868347339,100.0,19.0,0.149019607843,1.33333333333,0.470588235294,8.0,64.0,49.0,6.0
C5,C,5,2,3840,1454.0,37.8645833333,3.27716643741,96.0,3.95254470427,132.0,3.95254470427,132.0,3.86795048143,115.0,1.0447042641,6.0,1.0447042641,6.0,0.276478679505,4.0,4.45942228335,14.0,0.828769230932,1128.0,326.0,0.189669489009,2.0,1.21182943604,38.0,600.0,598.0,256.0
C6,C,6,2,46080,20495.0,44.4769965278,6.39614540132,757.0,8.70558672847,1466.0,8.70558672847,1466.0,8.03800927056,974.0,1.15374481581,34.0,1.15374481581,34.0,0.405611124665,6.0,6.21000243962,22.0,0.806065052075,14565.0,5930.0,0.224285599029,2.4,3.63073920468,626.0,6601.0,7163.0,6731.0
D4,D,4,2,192,4.0,2.08333333333,1.0,1.0,1.0,1.0,1.0,1.0,1.0,1.0,1.0,1.0,1.0,1.0,0.0,0.0,4.0,4.0,1.0,4.0,0.0,0.0,0.0,0.0,0.0,4.0,0.0,0.0
D5,D,5,2,1920,87.0,4.53125,1.49425287356,7.0,1.49425287356,7.0,1.49425287356,7.0,1.49425287356,7.0,1.0,1.0,1.0,1.0,0.0,0.0,4.66666666666,8.0,1.0,87.0,0.0,0.0,0.0,0.0,0.0,70.0,15.0,2.0
D6,D,6,2,23040,1848.0,8.02083333333,2.67911255411,116.0,2.71645021645,123.0,2.71645021645,123.0,2.70995670996,120.0,1.00649350649,4.0,1.00649350649,4.0,0.0232683982684,1.0,6.01785714286,16.0,0.985175677071,1805.0,43.0,0.0148243229295,1.0,0.0616883116883,8.0,1111.0,563.0,174.0
E6,E,6,2,51840,8243.0,15.9008487654,4.10906223462,312.0,4.31469125318,377.0,4.31469125318,377.0,4.19216304743,318.0,1.0257187917,4.0,1.0257187917,4.0,0.0245056411501,2.0,7.22188523596,20.0,0.994968944832,8055.0,188.0,0.00510753232177,0.571428571428,0.166201625622,114.0,4545.0,2480.0,1218.0
F4,F,4,2,1152,632.0,54.8611111111,3.34493670886,65.0,4.25791139241,109.0,4.25791139241,109.0,3.97943037975,76.0,1.10443037975,6.0,1.10443037975,6.0,0.341772151899,4.0,5.3085443038,16.0,0.856054302364,477.0,155.0,0.179502330875,3.0,1.35759493671,50.0,282.0,234.0,116.0
G2,G,2,2,12,4.0,33.3333333333,1.0,1.0,1.0,1.0,1.0,1.0,1.0,1.0,1.0,1.0,1.0,1.0,0.0,0.0,3.0,4.0,1.0,4.0,0.0,0.0,0.0,0.0,0.0,4.0,0.0,0.0
B6,B,6,3,46080,214.0,0.464409722222,1.56074766355,17.0,1.57943925234,18.0,1.57943925234,18.0,1.56074766355,17.0,1.01869158878,2.0,1.01869158878,2.0,0.0,0.0,9.65420560748,14.0,1.0,214.0,0.0,0.0,0.0,0.0,0.0,147.0,61.0,6.0
C6,C,6,3,46080,214.0,0.464409722222,1.56074766355,17.0,1.57943925234,18.0,1.57943925234,18.0,1.56074766355,17.0,1.01869158878,2.0,1.01869158878,2.0,0.0,0.0,9.65420560748,14.0,1.0,214.0,0.0,0.0,0.0,0.0,0.0,147.0,61.0,6.0
D6,D,6,3,23040,4.0,0.0173611111111,1.0,1.0,2.0,2.0,2.0,2.0,1.0,1.0,2.0,2.0,2.0,2.0,0.0,0.0,10.0,10.0,1.0,4.0,0.0,0.0,0.0,0.0,0.0,0.0,4.0,0.0
E6,E,6,3,51840,1028.0,1.98302469136,2.27237354085,51.0,2.30350194552,51.0,2.30350194552,51.0,2.27237354085,51.0,1.01750972763,2.0,1.01750972763,2.0,0.0,0.0,8.21984435798,16.0,1.0,1028.0,0.0,0.0,0.0,0.0,0.0,616.0,343.0,69.0
F4,F,4,3,1152,72.0,6.25,1.0,1.0,1.0,1.0,1.0,1.0,1.0,1.0,1.0,1.0,1.0,1.0,0.0,0.0,5.0,6.0,1.0,72.0,0.0,0.0,0.0,0.0,0.0,72.0,0.0,0.0
G2,G,2,3,12,2.0,16.6666666667,1.0,1.0,1.0,1.0,1.0,1.0,1.0,1.0,1.0,1.0,1.0,1.0,0.0,0.0,2.0,2.0,1.0,2.0,0.0,0.0,0.0,0.0,0.0,2.0,0.0,0.0
