support_size,total,changed,percentage_changed,avg_abs_mass_at_one,avg_support_size,avg_monomial_complexity,avg_max_bruhat_depth,avg_weighted_abs_degree_mass,type,family,rank,prime
0,1,0,0.0,0.0,0.0,0.0,0.0,0.0,A7,A,7,2
1,7,0,0.0,0.0,0.0,0.0,0.0,0.0,A7,A,7,2
2,33,0,0.0,0.0,0.0,0.0,0.0,0.0,A7,A,7,2
3,135,0,0.0,0.0,0.0,0.0,0.0,0.0,A7,A,7,2
4,531,0,0.0,0.0,0.0,0.0,0.0,0.0,A7,A,7,2
5,2109,0,0.0,0.0,0.0,0.0,0.0,0.0,A7,A,7,2
6,8411,0,0.0,0.0,0.0,0.0,0.0,0.0,A7,A,7,2
7,29093,38,0.130615612003,1.1052631579,1.1052631579,1.1052631579,8.0,0.0,A7,A,7,2
0,1,0,0.0,0.0,0.0,0.0,0.0,0.0,B2,B,2,2
1,2,0,0.0,0.0,0.0,0.0,0.0,0.0,B2,B,2,2
2,5,1,20.0,1.0,1.0,1.0,2.0,0.0,B2,B,2,2
0,1,0,0.0,0.0,0.0,0.0,0.0,0.0,B3,B,3,2
1,3,0,0.0,0.0,0.0,0.0,0.0,0.0,B3,B,3,2
2,9,1,11.1111111111,1.0,1.0,1.0,2.0,0.0,B3,B,3,2
3,35,9,25.7142857143,1.33333333333,1.33333333333,1.33333333333,2.44444444445,0.0,B3,B,3,2
0,1,0,0.0,0.0,0.0,0.0,0.0,0.0,B4,B,4,2
1,4,0,0.0,0.0,0.0,0.0,0.0,0.0,B4,B,4,2
2,14,1,7.14285714286,1.0,1.0,1.0,2.0,0.0,B4,B,4,2
3,56,10,17.8571428571,1.3,1.3,1.3,2.4,0.0,B4,B,4,2
4,309,97,31.3915857605,2.05154639175,2.0,2.05154639175,3.40206185567,0.103092783505,B4,B,4,2
0,1,0,0.0,0.0,0.0,0.0,0.0,0.0,B5,B,5,2
1,5,0,0.0,0.0,0.0,0.0,0.0,0.0,B5,B,5,2
2,20,1,5.0,1.0,1.0,1.0,2.0,0.0,B5,B,5,2
3,84,11,13.0952380952,1.27272727273,1.27272727273,1.27272727273,2.36363636364,0.0,B5,B,5,2
4,443,109,24.6049661399,1.96330275229,1.91743119266,1.96330275229,3.28440366972,0.0917431192661,B5,B,5,2
5,3287,1230,37.4201399452,3.57398373984,3.32926829268,3.54471544715,4.63739837398,0.430894308943,B5,B,5,2
0,1,0,0.0,0.0,0.0,0.0,0.0,0.0,B6,B,6,2
1,6,0,0.0,0.0,0.0,0.0,0.0,0.0,B6,B,6,2
2,27,1,3.7037037037,1.0,1.0,1.0,2.0,0.0,B6,B,6,2
3,120,12,10.0,1.25,1.25,1.25,2.33333333333,0.0,B6,B,6,2
4,623,122,19.5826645265,1.88524590164,1.84426229508,1.88524590164,3.18032786885,0.0819672131148,B6,B,6,2
5,4298,1367,31.805490926,3.3972201902,3.17337234821,3.37088514997,4.48134601317,0.395025603511,B6,B,6,2
6,41005,17922,43.7068650165,7.60992076777,6.39175315255,7.19796897667,6.36949001227,1.68530297958,B6,B,6,2
0,1,0,0.0,0.0,0.0,0.0,0.0,0.0,B6,B,6,3
1,6,0,0.0,0.0,0.0,0.0,0.0,0.0,B6,B,6,3
2,27,0,0.0,0.0,0.0,0.0,0.0,0.0,B6,B,6,3
3,120,0,0.0,0.0,0.0,0.0,0.0,0.0,B6,B,6,3
4,623,0,0.0,0.0,0.0,0.0,0.0,0.0,B6,B,6,3
5,4298,0,0.0,0.0,0.0,0.0,0.0,0.0,B6,B,6,3
6,41005,214,0.521887574686,1.57943925234,1.56074766355,1.56074766355,9.65420560748,0.0,B6,B,6,3
0,1,0,0.0,0.0,0.0,0.0,0.0,0.0,C2,C,2,2
1,2,0,0.0,0.0,0.0,0.0,0.0,0.0,C2,C,2,2
2,5,1,20.0,1.0,1.0,1.0,2.0,0.0,C2,C,2,2
0,1,0,0.0,0.0,0.0,0.0,0.0,0.0,C3,C,3,2
1,3,0,0.0,0.0,0.0,0.0,0.0,0.0,C3,C,3,2
2,9,1,11.1111111111,1.0,1.0,1.0,2.0,0.0,C3,C,3,2
3,35,10,28.5714285714,1.4,1.3,1.4,2.5,0.2,C3,C,3,2
0,1,0,0.0,0.0,0.0,0.0,0.0,0.0,C4,C,4,2
1,4,0,0.0,0.0,0.0,0.0,0.0,0.0,C4,C,4,2
2,14,1,7.14285714286,1.0,1.0,1.0,2.0,0.0,C4,C,4,2
3,56,11,19.6428571429,1.36363636364,1.27272727273,1.36363636364,2.45454545454,0.181818181818,C4,C,4,2
4,309,107,34.6278317152,2.2523364486,1.99065420561,2.24299065421,3.31775700935,0.504672897197,C4,C,4,2
0,1,0,0.0,0.0,0.0,0.0,0.0,0.0,C5,C,5,2
1,5,0,0.0,0.0,0.0,0.0,0.0,0.0,C5,C,5,2
2,20,1,5.0,1.0,1.0,1.0,2.0,0.0,C5,C,5,2
3,84,12,14.2857142857,1.33333333333,1.25,1.33333333333,2.41666666667,0.166666666667,C5,C,5,2
4,443,120,27.0880361174,2.15,1.90833333333,2.14166666667,3.21666666667,0.466666666667,C5,C,5,2
5,3287,1321,40.1886218436,4.14231642695,3.42165026495,4.04996214989,4.5927327782,1.2899318698,C5,C,5,2
0,1,0,0.0,0.0,0.0,0.0,0.0,0.0,C6,C,6,2
1,6,0,0.0,0.0,0.0,0.0,0.0,0.0,C6,C,6,2
2,27,1,3.7037037037,1.0,1.0,1.0,2.0,0.0,C6,C,6,2
3,120,13,10.8333333333,1.30769230769,1.23076923077,1.30769230769,2.38461538462,0.153846153846,C6,C,6,2
4,623,134,21.5088282504,2.05970149254,1.83582089552,2.05223880597,3.12686567164,0.432835820895,C6,C,6,2
5,4298,1471,34.225221033,3.92114208022,3.25288919103,3.83752549286,4.43439836846,1.19918422842,C6,C,6,2
6,41005,18876,46.0334105597,9.13111888112,6.67731510913,8.41285229921,6.37311930494,3.84551811825,C6,C,6,2
0,1,0,0.0,0.0,0.0,0.0,0.0,0.0,C6,C,6,3
1,6,0,0.0,0.0,0.0,0.0,0.0,0.0,C6,C,6,3
2,27,0,0.0,0.0,0.0,0.0,0.0,0.0,C6,C,6,3
3,120,0,0.0,0.0,0.0,0.0,0.0,0.0,C6,C,6,3
4,623,0,0.0,0.0,0.0,0.0,0.0,0.0,C6,C,6,3
5,4298,0,0.0,0.0,0.0,0.0,0.0,0.0,C6,C,6,3
6,41005,214,0.521887574686,1.57943925234,1.56074766355,1.56074766355,9.65420560748,0.0,C6,C,6,3
0,1,0,0.0,0.0,0.0,0.0,0.0,0.0,D4,D,4,2
1,4,0,0.0,0.0,0.0,0.0,0.0,0.0,D4,D,4,2
2,12,0,0.0,0.0,0.0,0.0,0.0,0.0,D4,D,4,2
3,40,0,0.0,0.0,0.0,0.0,0.0,0.0,D4,D,4,2
4,135,4,2.96296296296,1.0,1.0,1.0,4.0,0.0,D4,D,4,2
0,1,0,0.0,0.0,0.0,0.0,0.0,0.0,D5,D,5,2
1,5,0,0.0,0.0,0.0,0.0,0.0,0.0,D5,D,5,2
2,18,0,0.0,0.0,0.0,0.0,0.0,0.0,D5,D,5,2
3,66,0,0.0,0.0,0.0,0.0,0.0,0.0,D5,D,5,2
4,293,4,1.36518771331,1.0,1.0,1.0,4.0,0.0,D5,D,5,2
5,1537,83,5.40013012362,1.51807228916,1.51807228916,1.51807228916,4.69879518072,0.0,D5,D,5,2
0,1,0,0.0,0.0,0.0,0.0,0.0,0.0,D6,D,6,2
1,6,0,0.0,0.0,0.0,0.0,0.0,0.0,D6,D,6,2
2,25,0,0.0,0.0,0.0,0.0,0.0,0.0,D6,D,6,2
3,100,0,0.0,0.0,0.0,0.0,0.0,0.0,D6,D,6,2
4,451,4,0.886917960089,1.0,1.0,1.0,4.0,0.0,D6,D,6,2
5,2646,87,3.28798185941,1.49425287356,1.49425287356,1.49425287356,4.66666666666,0.0,D6,D,6,2
6,19811,1757,8.86881025693,2.78087649402,2.74160500854,2.77404667046,6.08935685828,0.0648833238474,D6,D,6,2
0,1,0,0.0,0.0,0.0,0.0,0.0,0.0,D6,D,6,3
1,6,0,0.0,0.0,0.0,0.0,0.0,0.0,D6,D,6,3
2,25,0,0.0,0.0,0.0,0.0,0.0,0.0,D6,D,6,3
3,100,0,0.0,0.0,0.0,0.0,0.0,0.0,D6,D,6,3
4,451,0,0.0,0.0,0.0,0.0,0.0,0.0,D6,D,6,3
5,2646,0,0.0,0.0,0.0,0.0,0.0,0.0,D6,D,6,3
6,19811,4,0.0201908030892,2.0,1.0,1.0,10.0,0.0,D6,D,6,3
0,1,0,0.0,0.0,0.0,0.0,0.0,0.0,E6,E,6,2
1,6,0,0.0,0.0,0.0,0.0,0.0,0.0,E6,E,6,2
2,25,0,0.0,0.0,0.0,0.0,0.0,0.0,E6,E,6,2
3,100,0,0.0,0.0,0.0,0.0,0.0,0.0,E6,E,6,2
4,495,4,0.80808080808,1.0,1.0,1.0,4.0,0.0,E6,E,6,2
5,3686,166,4.50352685838,1.51807228916,1.51807228916,1.51807228916,4.69879518072,0.0,E6,E,6,2
6,47527,8073,16.9861341974,4.37383872167,4.16387959867,4.24873033569,7.27536231884,0.169701474049,E6,E,6,2
0,1,0,0.0,0.0,0.0,0.0,0.0,0.0,E6,E,6,3
1,6,0,0.0,0.0,0.0,0.0,0.0,0.0,E6,E,6,3
2,25,0,0.0,0.0,0.0,0.0,0.0,0.0,E6,E,6,3
3,100,0,0.0,0.0,0.0,0.0,0.0,0.0,E6,E,6,3
4,495,0,0.0,0.0,0.0,0.0,0.0,0.0,E6,E,6,3
5,3686,0,0.0,0.0,0.0,0.0,0.0,0.0,E6,E,6,3
6,47527,1028,2.16298104235,2.30350194552,2.27237354085,2.27237354085,8.21984435798,0.0,E6,E,6,3
0,1,0,0.0,0.0,0.0,0.0,0.0,0.0,F4,F,4,2
1,4,0,0.0,0.0,0.0,0.0,0.0,0.0,F4,F,4,2
2,14,1,7.14285714286,1.0,1.0,1.0,2.0,0.0,F4,F,4,2
3,76,19,25.0,1.36842105263,1.31578947369,1.36842105263,2.47368421053,0.105263157895,F4,F,4,2
4,1057,612,57.8997161778,4.35294117647,3.41176470588,4.06535947712,5.40196078431,1.39869281046,F4,F,4,2
0,1,0,0.0,0.0,0.0,0.0,0.0,0.0,F4,F,4,3
1,4,0,0.0,0.0,0.0,0.0,0.0,0.0,F4,F,4,3
2,14,0,0.0,0.0,0.0,0.0,0.0,0.0,F4,F,4,3
3,76,0,0.0,0.0,0.0,0.0,0.0,0.0,F4,F,4,3
4,1057,72,6.81173131504,1.0,1.0,1.0,5.0,0.0,F4,F,4,3
0,1,0,0.0,0.0,0.0,0.0,0.0,0.0,G2,G,2,2
1,2,0,0.0,0.0,0.0,0.0,0.0,0.0,G2,G,2,2
2,9,4,44.4444444444,1.0,1.0,1.0,3.0,0.0,G2,G,2,2
0,1,0,0.0,0.0,0.0,0.0,0.0,0.0,G2,G,2,3
1,2,0,0.0,0.0,0.0,0.0,0.0,0.0,G2,G,2,3
2,9,2,22.2222222222,1.0,1.0,1.0,2.0,0.0,G2,G,2,3
